time,agg_demand,agg_supply,agg_actual_demand,historical_prices,cost_transaction,total_transaction_cost,total_expenditure_hourly,trading_volume,biomass_volume,nat_grid_volume,trading_volume_elect,biomass_volume_elect,nat_grid_volume_elect,no_total_transactions,no_trades_market,no_market_transactions,no_nat_grid_transactions,no_bids_market,no_asks_market,charge_history_agg,avg_expenditure_hourly,avg_transactions_hourly,avg_bids_agent,avg_asks_agent,avg_bids_day,avg_asks_day,avg_cost_day_agent,avg_nat_grid_purchases_day,nat_grid_purchases_day,trading_daily_volume,percentage_Market_Trades,black_Out_Instances
0,40371.08333333333,0,40371.08333333333,0,NaN,0,NaN,0,0,0,0,0,0,0,0,0,0,0,2,499628.91666666674,NaN,,0,0.044444444444444446,,,,,,,0,
1,31724.950000000004,0,31724.950000000004,0,NaN,0,0,0,0,0,0,0,0,0,0,0,0,0,2,467903.9666666668,0,,0,0.044444444444444446,,,,,,,0,
2,36235.35,0,36235.35,0,NaN,0,0,0,0,0,0,0,0,0,0,0,0,0,2,431668.6166666668,0,,0,0.044444444444444446,,,,,,,0,
3,31062.283333333326,0,31062.283333333326,0.059,0.058,0.137,2.0780000016093254,0.705,0.705,0,12040,12040,0,4,2,4,0,2,2,417610.6666666666,0.04617777781095356,,0.044444444444444446,0.044444444444444446,,,,,,,0,
4,34345.866666666654,0,34345.866666666654,0.041,0.057,0.203,2.6939999982714653,0.673,0.673,0,16284,16284,0,6,3,6,0,3,2,403729.73333333345,0.05986666661920026,,0.06666666666666667,0.044444444444444446,,,,,,,0,
5,29980.666666666664,0,29980.666666666664,0.035,0.057,0.203,2.446000002324581,0.425,0.425,0,12148,12148,0,6,3,6,0,3,2,389013.6833333334,0.05435555556323379,,0.06666666666666667,0.044444444444444446,,,,,,,0,
6,32539.71666666667,16.049999999999997,32523.66666666667,0.022,0.058,0.137,1.5219999998807907,0.149,0.149,0,6728,6728,0,4,2,4,0,2,2,365996.95000000007,0.03382222226355225,,0.044444444444444446,0.044444444444444446,,,,,,,0,
7,39962.18333333334,483.38333333333316,39478.80000000001,0.045,0.05522222222222222,0.592,7.00899999961257,1.095,1.095,0,24082,24082,0,18,9,18,0,9,2,361386.6166666667,0.1557555555482395,,0.2,0.044444444444444446,,,,,,,0,
8,44210.700000000004,11456.1,32754.600000000006,0.054,0.05625,0.267,3.5330000035464764,0.868,0.863,0,16172,16079,0,8,4,8,0,3,3,365760.8833333333,0.07851111114723608,,0.06666666666666667,0.06666666666666667,,,,,,,0,
9,50091.38333333333,28330.76666666666,21760.616666666672,0.072,0.055200000000000006,0.657,8.549999997019768,2.074,1.984,0,28957,27699,0,20,10,20,0,6,6,395375.08333333343,0.18999999994412065,,0.13333333333333333,0.13333333333333333,,,,,,,0,
10,52490.066666666666,37707.79999999999,14782.266666666677,0,0.056999999999999995,0.17099999999999999,1.7089999988675117,0,0,0,0,0,0,3,0,3,0,1,4,340677.3000000001,0.03797777777072042,,0.022222222222222223,0.08888888888888889,,,,,,,0,
11,52809.16666666666,78548.49999999999,-25739.33333333333,0.073,0.05522222222222222,0.592,8.216000005602837,2.619,2.299,0,36059,31652,0,18,9,18,0,5,6,404938.56666666677,0.18257777788676322,,0.1111111111111111,0.13333333333333333,,,,,,,0,
12,49628.1,52611.46666666665,-2983.366666666654,0,0.054,0.054,0.5439999997615814,0,0,0,0,0,0,1,0,1,0,0,3,362194.4666666667,0.012088888906873763,,0,0.06666666666666667,,,,,,,0,
13,51573.53333333334,41045.84999999999,10527.683333333349,0,0.057999999999999996,0.11599999999999999,1.1639999970793724,0,0,0,0,0,0,2,0,2,0,1,3,343509.8500000001,0.02586666657589376,,0.022222222222222223,0.06666666666666667,,,,,,,0,
14,47687.350000000006,33390.23333333332,14297.116666666683,0.056,0.0558,0.332,4.866999998688698,1.572,1.547,0,28104,27663,0,10,5,10,0,4,3,363223.58333333326,0.10815555555745959,,0.08888888888888889,0.06666666666666667,,,,,,,0,
15,47271.983333333344,9863.416666666666,37408.56666666668,0.04,0.058,0.137,1.8770000003278255,0.504,0.504,0,12709,12709,0,4,2,4,0,2,2,334166.6500000001,0.04171111108735204,,0.044444444444444446,0.044444444444444446,,,,,,,0,
16,48020.75000000002,2640.233333333332,45380.51666666669,0.068,0.055090909090909086,0.732,12.233999993652105,4.917,4.917,0,72370,72370,0,23,12,23,0,11,2,383481.7166666666,0.27186666656052694,,0.24444444444444444,0.044444444444444446,,,,,,,0,
17,68315.83333333333,28.21666666666666,68287.61666666667,0.058,0.055090909090909086,0.722,11.196000002324581,3.983,3.983,0,68900,68900,0,22,11,22,0,11,2,392029.65,0.24880000005941838,,0.24444444444444444,0.044444444444444446,,,,,,,0,
18,63994.549999999996,0.7666666666666666,63993.783333333326,0.046,0.05522222222222222,0.592,8.641000002622604,2.726,2.726,0,59319,59319,0,18,9,18,0,9,2,404483.6333333334,0.1920222222688608,,0.2,0.044444444444444446,,,,,,,0,
19,61677.166666666664,1.75,61675.416666666664,0.045,0.05566666666666667,0.397,6.522999998182058,1.587,1.587,0.872,35221,35221,6000,13,6,12,1,6,2,393922.1166666668,0.1449555555009283,,0.13333333333333333,0.044444444444444446,,,,,,,16.666666666666664,
20,52577.23333333333,1.4333333333333331,52575.799999999996,0.047,0.05566666666666667,0.397,5.8900000005960464,1.921,1.921,0,40816,40816,0,12,6,12,0,6,2,390983.1000000001,0.13088888890342787,,0.13333333333333333,0.044444444444444446,,,,,,,0,
21,51721.149999999994,5.3500000000000005,51715.799999999996,0.043,0.05566666666666667,0.397,5.482999999076128,1.514,1.514,0,35080,35080,0,12,6,12,0,6,2,384948.28333333344,0.12184444442391396,,0.13333333333333333,0.044444444444444446,,,,,,,0,
22,53200.450000000004,4.716666666666667,53195.73333333334,0.05,0.05566666666666667,0.397,5.724999997764826,1.757,1.757,0,35373,35373,0,12,6,12,0,6,2,379273.15000000014,0.12722222215961665,,0.13333333333333333,0.044444444444444446,,,,,,,0,
23,45464.933333333334,5.216666666666666,45459.71666666667,0.053,0.057,0.203,3.1089999973773956,1.087,1.087,0,20587,20587,0,6,3,6,0,3,2,358311.6166666667,0.06908888882026076,,0.06666666666666667,0.044444444444444446,,,,,,,0,
24,33018.31666666666,0.9333333333333333,33017.383333333324,0.047,0.0558,0.332,4.806000001728535,1.488,1.488,0,31964,31964,0,10,5,10,0,5,2,362800.6666666668,0.10680000006686896,4.933333333333334,0.1111111111111111,0.044444444444444446,2.2,1.3777777777777778,2.3335555553785525,0.022222222222222223,0,30.176,0,
25,28001.416666666657,0,28001.416666666657,0.07,0.05566666666666667,0.397,6.649999998509884,2.683,2.683,0,38325,38325,0,12,6,12,0,6,2,377073.55000000016,0.1477777777472511,,0.13333333333333333,0.044444444444444446,,,,,,,0,
26,27164.633333333317,0,27164.633333333317,0.054,0.0558,0.332,4.723000004887581,1.404,1.404,0,26225,26225,0,10,5,10,0,5,2,379618.0333333334,0.10495555563829839,,0.1111111111111111,0.044444444444444446,,,,,,,0,
27,28018.999999999996,0,28018.999999999996,0.044,0.0558,0.332,4.481000002473593,1.163,1.163,0,26544,26544,0,10,5,10,0,5,2,380954.4500000002,0.09957777784438804,,0.1111111111111111,0.044444444444444446,,,,,,,0,
28,27857.466666666667,0,27857.466666666667,0.05,0.057,0.203,2.7780000008642673,0.756,0.756,0,15026,15026,0,6,3,6,0,3,2,370686.48333333334,0.06173333333572373,,0.06666666666666667,0.044444444444444446,,,,,,,0,
29,28357.16666666667,0,28357.16666666667,0.055,0.055375,0.527,7.117999996989965,1.852,1.852,0,33946,33946,0,16,8,16,0,8,2,380612.7333333334,0.15817777771735564,,0.17777777777777778,0.044444444444444446,,,,,,,0,
30,30405.733333333334,4.466666666666667,30401.266666666666,0,NaN,0,0,0,0,0,0,0,0,0,0,0,0,0,2,350211.46666666673,0,,0,0.044444444444444446,,,,,,,0,
31,38320.133333333324,122.34999999999997,38197.783333333326,0.043,0.05542857142857143,0.461,6.063999999314547,1.448,1.448,0,33365,33365,0,14,7,14,0,7,2,354232.78333333344,0.13475555554032326,,0.15555555555555556,0.044444444444444446,,,,,,,0,
32,45855.216666666674,2596.4500000000003,43258.76666666668,0.045,0.05542857142857143,0.461,5.89300000295043,1.277,1.277,0,28101,28101,0,14,7,14,0,7,2,343049.45000000007,0.13095555565087125,,0.15555555555555556,0.044444444444444446,,,,,,,0,
33,53069.933333333334,8353.216666666667,44716.71666666667,0.06,0.055,0.786,11.67000000178814,3.807,3.807,0,63884,63884,0,24,12,24,0,12,2,377626.8000000001,0.2593333333497867,,0.26666666666666666,0.044444444444444446,,,,,,,0,
34,49362.95,20219.03333333333,29143.916666666668,0.055,0.0558,0.332,4.918999999761581,1.611,1.599,0,29213,29004,0,10,5,10,0,4,3,389332.60000000003,0.1093111110967584,,0.08888888888888889,0.06666666666666667,,,,,,,0,
35,46295.7,24054.08333333333,22241.61666666667,0,0.057999999999999996,0.11599999999999999,1.1620000004768372,0,0,0,0,0,0,2,0,2,0,1,3,359555.0833333335,0.025822222232818604,,0.022222222222222223,0.06666666666666667,,,,,,,0,
36,37921.34999999999,19237.383333333328,18683.966666666664,0.058,0.0555,0.396,5.835999995470047,1.876,1.868,0,32142,31995,0,12,6,12,0,5,3,380544.1666666667,0.12968888878822327,,0.1111111111111111,0.06666666666666667,,,,,,,0,
37,42255.86666666667,19437.816666666662,22818.050000000007,0.049,0.05666666666666667,0.202,2.6180000007152557,0.608,0.597,0,12359,12120,0,6,3,6,0,2,3,372082.8833333334,0.058177777798846364,,0.044444444444444446,0.06666666666666667,,,,,,,0,
38,44140.549999999996,31434.216666666653,12706.333333333343,0.045,0.05557142857142857,0.462,5.475000001490116,0.887,0.853,0,19649,18897,0,14,7,14,0,3,6,395445.4833333334,0.12166666670236737,,0.06666666666666667,0.13333333333333333,,,,,,,0,
39,47011.58333333334,16985.583333333332,30026.00000000001,0.046,0.05625,0.267,3.855000000447035,1.185,1.185,0,26011,26011,0,8,4,8,0,4,2,373891.93333333347,0.08566666668048128,,0.08888888888888889,0.044444444444444446,,,,,,,0,
40,55065.61666666665,5421.3499999999985,49644.26666666665,0.044,0.05566666666666667,0.397,5.646999999880791,1.679,1.679,0,38457,38457,0,12,6,12,0,6,2,369816.36666666676,0.12548888887977228,,0.13333333333333333,0.044444444444444446,,,,,,,0,
41,63238.150000000016,7.299999999999999,63230.85000000001,0.052,0.055375,0.527,7.983999997377396,2.717,2.717,0,52054,52054,0,16,8,16,0,8,2,374305.45000000007,0.1774222221574746,,0.17777777777777778,0.044444444444444446,,,,,,,0,
42,68231.29999999999,1.3666666666666667,68229.93333333332,0.055,0.0551,0.656,10.00000000372529,3.435,3.435,0,62858,62858,0,20,10,20,0,10,2,380920.5333333334,0.22222222230629995,,0.2222222222222222,0.044444444444444446,,,,,,,0,
43,70987.40000000001,1.4,70986.00000000001,0.062,0.0551,0.656,10.714999999850988,4.152,4.152,0,67221,67221,0,20,10,20,0,10,2,400198.30000000016,0.23811111110262573,,0.2222222222222222,0.044444444444444446,,,,,,,0,
44,60459.033333333326,3.2166666666666663,60455.81666666666,0.042,0.05566666666666667,0.397,5.562999997287989,1.595,1.595,0,38400,38400,0,12,6,12,0,6,2,386836.93333333335,0.12362222216324881,,0.13333333333333333,0.044444444444444446,,,,,,,0,
45,51322.30000000002,1.8666666666666667,51320.43333333335,0.053,0.05542857142857143,0.461,7.160000000149012,2.543,2.543,0,48310,48310,0,14,7,14,0,7,2,393791.01666666684,0.15911111113382503,,0.15555555555555556,0.044444444444444446,,,,,,,0,
46,43116.549999999996,8.933333333333334,43107.61666666666,0.048,0.0558,0.332,4.675000000745058,1.355,1.355,0,28399,28399,0,10,5,10,0,5,2,386080.8333333336,0.10388888890156522,,0.1111111111111111,0.044444444444444446,,,,,,,0,
47,38040.36666666666,4.516666666666667,38035.84999999999,0.037,0.058,0.137,1.8499999977648258,0.478,0.478,0,12790,12790,0,4,2,4,0,2,2,365383.15000000014,0.04111111105885357,,0.044444444444444446,0.044444444444444446,,,,,,,0,
48,30417.766666666666,1.2,30416.566666666666,0.056,0.0558,0.332,4.978000000119209,1.66,1.66,0,29723,29723,0,10,5,10,0,5,2,370338.35000000015,0.11062222224427387,6.133333333333333,0.1111111111111111,0.044444444444444446,2.911111111111111,1.2444444444444445,2.8185777778271586,0,0,39.998999999999995,0,
49,28524.26666666666,1.5833333333333333,28522.683333333327,0.037,0.0558,0.332,3.7429999969899654,0.423,0.423,0,11557,11557,0,10,5,10,0,5,2,355497.43333333347,0.0831777777057141,,0.1111111111111111,0.044444444444444446,,,,,,,0,
50,27619.63333333332,0,27619.63333333332,0.034,0.058,0.137,1.5549999997019768,0.181,0.181,0,5402,5402,0,4,2,4,0,2,2,335884.10000000015,0.03455555555410683,,0.044444444444444446,0.044444444444444446,,,,,,,0,
51,27575.700000000004,0,27575.700000000004,0.055,0.05625,0.267,3.580000001937151,0.91,0.91,0,16514,16514,0,8,4,8,0,4,2,332565.76666666684,0.07955555559601635,,0.08888888888888889,0.044444444444444446,,,,,,,0,
52,28310.199999999997,0,28310.199999999997,0.019,0.058,0.137,1.4450000002980232,0.072,0.072,0,3706,3706,0,4,2,4,0,2,2,313796.80000000016,0.03211111109703779,,0.044444444444444446,0.044444444444444446,,,,,,,0,
53,28045.933333333327,0.21666666666666667,28045.71666666666,0,0.062,0.062,0.6190000027418137,0,0,0,0,0,0,1,0,1,0,1,2,295975.9500000001,0.01375555561389774,,0.022222222222222223,0.044444444444444446,,,,,,,0,
54,32092.533333333336,47.81666666666666,32044.71666666667,0,0.062,0.062,0.6189999990165234,0,0,0,0,0,0,1,0,1,0,1,2,278614.7500000002,0.01375555555569008,,0.022222222222222223,0.044444444444444446,,,,,,,0,
55,39119.25,1436.5666666666664,37682.683333333334,0.024,0.058,0.137,1.4399999976158142,0.068,0.068,0,2776,2776,0,4,2,4,0,2,2,265202.8833333335,0.0319999999483116,,0.044444444444444446,0.044444444444444446,,,,,,,0,
56,41937.55000000001,24367.533333333333,17570.016666666677,0.046,0.05625,0.267,3.8080000020563602,1.137,1.137,0,24938,24938,0,8,4,8,0,4,2,288692.58333333343,0.08462222223170102,,0.08888888888888889,0.044444444444444446,,,,,,,0,
57,48087.15,58245.26666666665,-10158.116666666647,0,0.062,0.062,0.6189999990165234,0,0,0,0,0,0,1,0,1,0,1,2,290125.53333333344,0.01375555555569008,,0.022222222222222223,0.044444444444444446,,,,,,,0,
58,45602.24285714284,99035.47142857144,-53433.228571428604,0,NaN,0,0,0,0,0,0,0,0,0,0,0,0,0,2,297810.81190476194,0,,0,0.044444444444444446,,,,,,,0,
59,45815.53333333334,103705.16666666667,-57889.63333333333,0,NaN,0,0,0,0,0,0,0,0,0,0,0,0,0,2,299698.6785714287,0,,0,0.044444444444444446,,,,,,,0,
60,55877.016666666656,143206.66666666663,-87329.64999999997,0,NaN,0,0,0,0,0,0,0,0,0,0,0,0,0,2,302573.4285714287,0,,0,0.044444444444444446,,,,,,,0,
61,54157.51666666666,116489.26666666666,-62331.75,0,0.062,0.062,0.6190000027418137,0,0,0,0,0,0,1,0,1,0,1,2,296131.26190476195,0.01375555561389774,,0.022222222222222223,0.044444444444444446,,,,,,,0,
62,48402.36666666667,146248.43333333335,-97846.06666666668,0,NaN,0,0,0,0,0,0,0,0,0,0,0,0,0,2,297330.811904762,0,,0,0.044444444444444446,,,,,,,0,
63,50103.133333333346,113751.99166666664,-63648.85833333329,0,NaN,0,0,0,0,0,0,0,0,0,0,0,0,0,2,294758.0785714286,0,,0,0.044444444444444446,,,,,,,0,
64,46633.583333333314,59937.60000000001,-13304.0166666667,0.06,0.058,0.137,2.1639999970793724,0.791,0.791,0,13173,13173,0,4,2,4,0,2,2,296974.3452380953,0.04808888881234452,,0.044444444444444446,0.044444444444444446,,,,,,,0,
65,53939.516666666656,7161.583333333332,46777.93333333332,0.059,0.055375,0.527,8.417000003159046,3.152,3.152,0,53006,53006,0,16,8,16,0,8,2,319038.5619047622,0.18704444455215707,,0.17777777777777778,0.044444444444444446,,,,,,,0,
66,66890.04999999999,0,66890.04999999999,0.074,0.05472727272727273,1.4449999999999998,25.623999997973442,10.204,10.204,0.872,137921,137921,6000,46,23,45,1,22,2,443848.8119047621,0.569422222150024,,0.4888888888888889,0.044444444444444446,,,,,,,4.3478260869565215,
67,72458.03333333334,5.183333333333333,72452.85,0.05,0.055375,0.527,7.458999998867512,2.193,2.193,0,43618,43618,0,16,8,16,0,8,2,416831.3285714287,0.16575555555755273,,0.17777777777777778,0.044444444444444446,,,,,,,0,
68,61496.98333333334,0.8499999999999999,61496.13333333334,0.034,0.058,0.137,2.7240000031888485,0.384,0.384,0.872,11288,11288,6000,5,2,4,1,2,2,377999.56190476206,0.06053333339514211,,0.044444444444444446,0.044444444444444446,,,,,,,50,
69,52785.933333333334,0,52785.933333333334,0.052,0.05566666666666667,0.397,6.241999998688698,2.275,2.275,0,43732,43732,0,12,6,12,0,6,2,384961.94523809536,0.1387111110961996,,0.13333333333333333,0.044444444444444446,,,,,,,0,
70,36408.74999999999,0,36408.74999999999,0.061,0.05625,0.267,4.32599999755621,1.656,1.656,0,27134,27134,0,8,4,8,0,4,2,380520.3952380955,0.09613333328161389,,0.08888888888888889,0.044444444444444446,,,,,,,0,
71,30933.783333333336,0,30933.783333333336,0.048,0.0558,0.332,4.776999998837709,1.457,1.457,0,30473,30473,0,10,5,10,0,5,2,385055.67857142875,0.10615555552067235,,0.1111111111111111,0.044444444444444446,,,,,,,0,
72,27571.499999999996,0,27571.499999999996,0.059,0.057,0.203,2.9450000002980232,0.924,0.924,0,15758,15758,0,6,3,6,0,3,2,375139.3285714288,0.0654444444226101,3.755555555555555,0.06666666666666667,0.044444444444444446,1.8888888888888888,1.0666666666666667,1.7728888888377696,0.044444444444444446,0,26.563000000000002,0,
73,25021.250000000004,0.05,25021.200000000004,0.051,0.057,0.203,2.546000000089407,0.525,0.525,0,10342,10342,0,6,3,6,0,3,2,362141.5285714288,0.0565777777810581,,0.06666666666666667,0.044444444444444446,,,,,,,0,
74,26028.449999999993,0,26028.449999999993,0.05,0.058,0.137,2.0179999992251396,0.645,0.645,0,13002,13002,0,4,2,4,0,2,2,352602.1285714287,0.04484444443369284,,0.044444444444444446,0.044444444444444446,,,,,,,0,
75,25542.73333333333,0,25542.73333333333,0,NaN,0,0,0,0,0,0,0,0,0,0,0,0,0,2,328087.4452380954,0,,0,0.044444444444444446,,,,,,,0,
76,30606.466666666664,0,30606.466666666664,0,0.062,0.062,0.6190000027418137,0,0,0,0,0,0,1,0,1,0,1,2,302176.04523809534,0.01375555561389774,,0.022222222222222223,0.044444444444444446,,,,,,,0,
77,33303.16666666665,0,33303.16666666665,0,NaN,0,0,0,0,0,0,0,0,0,0,0,0,0,2,279019.5785714287,0,,0,0.044444444444444446,,,,,,,0,
78,39405.81666666666,180.95,39224.86666666666,0.049,0.058,0.137,1.4809999987483025,0.109,0.109,0,2216,2216,0,4,2,4,0,2,2,267676.6119047621,0.03291111107682809,,0.044444444444444446,0.044444444444444446,,,,,,,0,
79,48158.86666666667,2588.5166666666655,45570.350000000006,0,NaN,0,0,0,0,0,0,0,0,0,0,0,0,0,2,254354.49523809543,0,,0,0.044444444444444446,,,,,,,0,
80,45564.849999999984,27425.316666666662,18139.533333333322,0.015,0.058,0.137,1.4400000013411045,0.066,0.066,0,4458,4458,0,4,2,4,0,2,2,259122.61190476213,0.03200000006472692,,0.044444444444444446,0.044444444444444446,,,,,,,0,
81,45052.99999999998,70257.23333333332,-25204.233333333344,0.042,0.058,0.137,1.4389999993145466,0.067,0.067,0,1606,1606,0,4,2,4,0,2,2,283410.3785714287,0.03197777771856636,,0.044444444444444446,0.044444444444444446,,,,,,,0,
82,40206.09999999999,112914.96666666665,-72708.86666666665,0.016,0.058,0.137,1.4030000008642673,0.03,0.03,0,1922,1922,0,4,2,4,0,2,2,294996.9119047621,0.03117777779698372,,0.044444444444444446,0.044444444444444446,,,,,,,0,
83,39267.76666666667,144133.54999999993,-104865.78333333327,0.009,0.058,0.137,1.4060000032186508,0.034,0.034,0,3763,3763,0,4,2,4,0,2,2,302954.0952380954,0.031244444544427097,,0.044444444444444446,0.044444444444444446,,,,,,,0,
84,39318.71666666667,160029.28333333335,-120710.56666666668,0,NaN,0,0,0,0,0,0,0,0,0,0,0,0,0,2,305375.92857142875,0,,0,0.044444444444444446,,,,,,,0,
85,35046.91666666666,159609.00000000003,-124562.08333333337,0,NaN,0,0,0,0,0,0,0,0,0,0,0,0,0,2,305375.92857142875,0,,0,0.044444444444444446,,,,,,,0,
86,35325.816666666666,147922.29999999996,-112596.4833333333,0,NaN,0,0,0,0,0,0,0,0,0,0,0,0,0,2,304069.06190476206,0,,0,0.044444444444444446,,,,,,,0,
87,33653.36666666667,117372.98333333337,-83719.6166666667,0,NaN,0,0,0,0,0,0,0,0,0,0,0,0,0,2,303005.2452380954,0,,0,0.044444444444444446,,,,,,,0,
88,33522.29999999999,63433.71666666667,-29911.41666666668,0,0.062,0.062,0.6189999990165234,0,0,0,0,0,0,1,0,1,0,1,2,297308.5285714287,0.013755555497482419,,0.022222222222222223,0.044444444444444446,,,,,,,0,
89,52531.78333333334,8063.766666666666,44468.01666666668,0.051,0.05566666666666667,0.397,5.991999998688698,2.022,2.022,0,39750,39750,0,12,6,12,0,6,2,300603.5285714287,0.13315555558074266,,0.13333333333333333,0.044444444444444446,,,,,,,0,
90,63289.74999999999,0,63289.74999999999,0.073,0.05475,1.316,22.46900000050664,9.313,9.313,0,126950,126950,0,41,21,41,0,20,2,401373.4785714287,0.49931111111072823,,0.4444444444444444,0.044444444444444446,,,,,,,0,
91,67390.33333333333,0,67390.33333333333,0.054,0.055,0.852,13.014000002294779,4.503,4.503,0,83472,83472,0,26,13,26,0,13,2,433761.4785714287,0.2892000000574626,,0.28888888888888886,0.044444444444444446,,,,,,,0,
92,58925.05,1.45,58923.600000000006,0.046,0.057,0.203,2.875,0.853,0.853,0,18426,18426,0,6,3,6,0,3,2,398094.91190476203,0.06388888886431232,,0.06666666666666667,0.044444444444444446,,,,,,,0,
93,51463.99999999998,3.4000000000000004,51460.59999999998,0.035,0.0558,0.332,4.256999999284744,0.937,0.937,0,26477,26477,0,10,5,10,0,5,2,377597.3785714287,0.094600000011269,,0.1111111111111111,0.044444444444444446,,,,,,,0,
94,44433.649999999994,1.9166666666666665,44431.73333333333,0.046,0.057,0.203,2.989000003784895,0.969,0.969,0,21207,21207,0,6,3,6,0,3,2,359447.16190476203,0.06642222229856998,,0.06666666666666667,0.044444444444444446,,,,,,,0,
95,33118.78333333334,1.0333333333333332,33117.75000000001,0.054,0.05542857142857143,0.461,7.255999997258186,2.638,2.638,0,48431,48431,0,14,7,14,0,7,2,384706.1952380955,0.16124444437446073,,0.15555555555555556,0.044444444444444446,,,,,,,0,
96,28881.616666666658,0.7666666666666666,28880.84999999999,0.055,0.0558,0.332,4.517000000923872,1.197,1.197,0,21597,21597,0,10,5,10,0,5,2,380562.22857142874,0.10037777776597068,3.3999999999999995,0.1111111111111111,0.044444444444444446,1.711111111111111,1.0666666666666667,1.5960666668252088,0,0,23.635000000000005,0,
97,30038.28333333333,0,30038.28333333333,0,0.062,0.062,0.6189999990165234,0,0,0,0,0,0,1,0,1,0,1,2,350523.94523809553,0.01375555555569008,,0.022222222222222223,0.044444444444444446,,,,,,,0,
98,30132.800000000003,0.4,30132.4,0.04,0.057,0.203,3.6270000003278255,0.639,0.639,0.872,15768,15768,6000,7,3,6,1,3,2,350507.6119047623,0.08059999998658895,,0.06666666666666667,0.044444444444444446,,,,,,,33.33333333333333,
99,30496.633333333324,0,30496.633333333324,0,NaN,0,0.9670000001788139,0,0,0.872,0,0,6000,1,0,0,1,0,2,332902.3952380954,0.02148888894589618,,0,0.044444444444444446,,,,,,,0,
100,30011.883333333324,0,30011.883333333324,0,0.062,0.062,0.6189999990165234,0,0,0,0,0,0,1,0,1,0,1,2,307382.2452380954,0.013755555497482419,,0.022222222222222223,0.044444444444444446,,,,,,,0,
101,27997.949999999997,0,27997.949999999997,0,0.062,0.062,0.6180000007152557,0,0,0,0,0,0,1,0,1,0,1,2,288446.72857142886,0.013733333384152502,,0.022222222222222223,0.044444444444444446,,,,,,,0,
102,46656.81666666665,245.9666666666666,46410.849999999984,0,NaN,0,0,0,0,0,0,0,0,0,0,0,0,0,2,264194.4952380955,0,,0,0.044444444444444446,,,,,,,0,
103,45537.316666666666,3414.9999999999995,42122.316666666666,0.018,0.058,0.137,1.5269999988377094,0.154,0.154,0,8703,8703,0,4,2,4,0,2,2,263981.3952380955,0.03393333329586312,,0.044444444444444446,0.044444444444444446,,,,,,,0,
104,44083.549999999996,21706.999999999996,22376.55,0.014,0.058,0.137,1.3949999995529652,0.022,0.022,0,1502,1502,0,4,2,4,0,2,2,261398.07857142878,0.030999999959021807,,0.044444444444444446,0.044444444444444446,,,,,,,0,
105,36270.799999999996,63727.633333333346,-27456.83333333335,0,0.062,0.062,0.6190000027418137,0,0,0,0,0,0,1,0,1,0,1,2,283046.87857142877,0.01375555561389774,,0.022222222222222223,0.044444444444444446,,,,,,,0,
106,31092.416666666657,96406.34999999998,-65313.93333333332,0,0.062,0.062,0.6189999990165234,0,0,0,0,0,0,1,0,1,0,1,2,292770.09523809544,0.01375555555569008,,0.022222222222222223,0.044444444444444446,,,,,,,0,
107,32477.04999999999,141888.93333333332,-109411.88333333333,0,NaN,0,0,0,0,0,0,0,0,0,0,0,0,0,2,301747.6952380954,0,,0,0.044444444444444446,,,,,,,0,
108,27515.600000000002,157713.33333333334,-130197.73333333334,0,NaN,0,0,0,0,0,0,0,0,0,0,0,0,0,2,305392.59523809544,0,,0,0.044444444444444446,,,,,,,0,
109,27831.233333333326,150890.5,-123059.26666666668,0,NaN,0,0,0,0,0,0,0,0,0,0,0,0,0,2,305392.59523809544,0,,0,0.044444444444444446,,,,,,,0,
110,28062.683333333323,102301.20000000004,-74238.51666666672,0,NaN,0,0,0,0,0,0,0,0,0,0,0,0,0,2,305392.59523809544,0,,0,0.044444444444444446,,,,,,,0,
111,34130.766666666656,44640.63333333333,-10509.866666666676,0,NaN,0,0,0,0,0,0,0,0,0,0,0,0,0,2,297713.4452380955,0,,0,0.044444444444444446,,,,,,,0,
112,38953.700000000004,29380.24999999999,9573.450000000015,0.052,0.05625,0.267,4.074000000953674,1.404,1.404,0,26845,26845,0,8,4,8,0,4,2,312123.37857142877,0.09053333336487412,,0.08888888888888889,0.044444444444444446,,,,,,,0,
113,51877.966666666674,2694.516666666666,49183.45000000001,0.05,0.05542857142857143,0.461,7.850999999791384,2.267,2.267,0.872,45269,45269,6000,15,7,14,1,7,2,335609.8285714288,0.17446666664909571,,0.15555555555555556,0.044444444444444446,,,,,,,14.285714285714285,
114,51043.86666666666,0,51043.86666666666,0.061,0.055,0.786,11.969999995082617,4.108,4.108,0,66863,66863,0,24,12,24,0,12,2,360814.2285714288,0.2659999998868443,,0.26666666666666666,0.044444444444444446,,,,,,,0,
115,51974.383333333324,3.15,51971.23333333332,0.062,0.054875,1.056,16.61700000613928,6.056,6.056,0,97188,97188,0,33,17,33,0,16,2,430452.7785714288,0.3692666668212041,,0.35555555555555557,0.044444444444444446,,,,,,,0,
116,52943.566666666666,3.25,52940.316666666666,0.045,0.05625,0.267,3.8440000005066395,1.173,1.173,0,25845,25845,0,8,4,8,0,4,2,404213.4119047621,0.08542222221149132,,0.08888888888888889,0.044444444444444446,,,,,,,0,
117,47906.283333333326,2.6999999999999997,47903.58333333333,0.045,0.05625,0.267,3.5429999977350235,0.871,0.871,0,19304,19304,0,8,4,8,0,4,2,382747.61190476216,0.07873333327006549,,0.08888888888888889,0.044444444444444446,,,,,,,0,
118,44264.13333333332,1.1166666666666667,44263.01666666665,0.028,0.058,0.137,1.7300000004470348,0.357,0.357,0,12634,12634,0,4,2,4,0,2,2,353125.3285714288,0.03844444447895512,,0.044444444444444446,0.044444444444444446,,,,,,,0,
119,28591.31666666666,2.4666666666666663,28588.84999999999,0.055,0.05566666666666667,0.397,6.016000002622604,2.047,2.047,0,36897,36897,0,12,6,12,0,6,2,367299.5285714289,0.1336888889200054,,0.13333333333333333,0.044444444444444446,,,,,,,0,
120,25448.566666666666,0.033333333333333326,25448.533333333333,0.057,0.05625,0.267,3.8850000016391277,1.214,1.214,0,21191,21191,0,8,4,8,0,4,2,366571.56190476223,0.08633333339821547,3.1777777777777776,0.08888888888888889,0.044444444444444446,1.6,1.0666666666666667,1.4723333333968185,0.06666666666666667,0,20.295,0,
121,26114.36666666667,0,26114.36666666667,0,0.062,0.062,0.6189999990165234,0,0,0,0,0,0,1,0,1,0,1,2,340457.1952380954,0.01375555555569008,,0.022222222222222223,0.044444444444444446,,,,,,,0,
122,27061.1,0,27061.1,0.061,0.0551,0.667,10.107999999076128,3.44,3.44,0,55999,55999,0,21,11,21,0,10,2,387310.04523809545,0.2246222221874632,,0.2222222222222222,0.044444444444444446,,,,,,,0,
123,30693.43333333333,0,30693.43333333333,0.064,0.0558,0.332,4.937000002712011,1.617,1.617,0,25188,25188,0,10,5,10,0,5,2,375556.7952380954,0.10971111117396504,,0.1111111111111111,0.044444444444444446,,,,,,,0,
124,28489.816666666666,0,28489.816666666666,0.047,0.058,0.137,2.002999998629093,0.63,0.63,0,13514,13514,0,4,2,4,0,2,2,365212.0952380955,0.04451111104572192,,0.044444444444444446,0.044444444444444446,,,,,,,0,
125,31274.983333333323,0,31274.983333333323,0.04,0.05566666666666667,0.397,4.581000000238419,0.612,0.612,0,15330,15330,0,12,6,12,0,6,2,352050.96190476214,0.10180000000400469,,0.13333333333333333,0.044444444444444446,,,,,,,0,
126,44096.999999999985,0,44096.999999999985,0.063,0.05542857142857143,0.461,6.582999996840954,1.966,1.966,0,31413,31413,0,14,7,14,0,7,2,345895.0952380955,0.14628888881998137,,0.15555555555555556,0.044444444444444446,,,,,,,0,
127,52936.28333333333,86.5,52849.78333333333,0.054,0.05566666666666667,0.397,6.090999998152256,2.124,2.124,0,39027,39027,0,12,6,12,0,6,2,340686.4785714288,0.13535555551061407,,0.13333333333333333,0.044444444444444446,,,,,,,0,
128,41444.29999999999,1770.1999999999996,39674.09999999999,0.043,0.05522222222222222,0.592,7.402999997138977,1.49,1.49,0,35007,35007,0,18,9,18,0,9,2,345896.728571429,0.1645111110410653,,0.2,0.044444444444444446,,,,,,,0,
129,33347.91666666666,13761.499999999995,19586.416666666664,0.049,0.0558,0.332,5.443999998271465,1.158,1.158,0.872,23537,23537,6000,11,5,10,1,5,2,363486.6119047623,0.12097777775488794,,0.1111111111111111,0.044444444444444446,,,,,,,20,
130,29167.649999999998,20188.849999999995,8978.800000000003,0,0.057999999999999996,0.11599999999999999,1.1629999987781048,0,0,0,0,0,0,2,0,2,0,1,3,352453.2619047623,0.02584444440435618,,0.022222222222222223,0.06666666666666667,,,,,,,0,
131,34890.58333333333,21334.899999999998,13555.68333333333,0,0.062,0.062,0.6189999990165234,0,0,0,0,0,0,1,0,1,0,1,2,336121.3285714289,0.01375555555569008,,0.022222222222222223,0.044444444444444446,,,,,,,0,
132,35211.86666666667,17234.25,17977.61666666667,0.046,0.057,0.203,2.9280000030994415,0.906,0.906,0,19630,19630,0,6,3,6,0,3,2,337158.0952380956,0.06506666674977168,,0.06666666666666667,0.044444444444444446,,,,,,,0,
133,34735.21666666666,14576.583333333332,20158.633333333328,0.057,0.0558,0.332,4.804000001400709,1.492,1.486,0,26377,26276,0,10,5,10,0,4,3,353029.8452380957,0.10675555554917082,,0.08888888888888889,0.06666666666666667,,,,,,,0,
134,41775.28333333332,12384.666666666664,29390.616666666654,0.051,0.0558,0.332,5.006000000983477,1.688,1.688,0,33006,33006,0,10,5,10,0,5,2,358825.7952380956,0.11124444450251758,,0.1111111111111111,0.044444444444444446,,,,,,,0,
135,39298.450000000004,10607.316666666662,28691.133333333342,0.038,0.05625,0.267,3.5740000009536743,0.902,0.902,0,23927,23927,0,8,4,8,0,4,2,359197.27857142896,0.07942222221754491,,0.08888888888888889,0.044444444444444446,,,,,,,0,
136,40540.86666666666,3442.083333333332,37098.783333333326,0.049,0.0558,0.332,4.8440000005066395,1.524,1.524,0,31043,31043,0,10,5,10,0,5,2,358516.4785714288,0.10764444444794208,,0.1111111111111111,0.044444444444444446,,,,,,,0,
137,57378.56666666666,251.2166666666667,57127.34999999999,0.056,0.055,0.786,11.6469999961555,3.785,3.785,0,67073,67073,0,24,12,24,0,12,2,386560.07857142895,0.2588222221820615,,0.26666666666666666,0.044444444444444446,,,,,,,0,
138,53032.01666666666,0,53032.01666666666,0.051,0.055090909090909086,0.722,10.414000004529953,3.202,3.202,0,62840,62840,0,22,11,22,0,11,2,408635.8452380956,0.23142222227761522,,0.24444444444444444,0.044444444444444446,,,,,,,0,
139,58502.433333333334,0.016666666666666663,58502.416666666664,0.044,0.05625,0.267,3.6689999997615814,0.997,0.997,0,22886,22886,0,8,4,8,0,4,2,377953.9785714288,0.08153333334485069,,0.08888888888888889,0.044444444444444446,,,,,,,0,
140,56134.33333333334,3.3499999999999996,56130.983333333344,0.052,0.0558,0.332,6.1110000014305115,1.825,1.825,0.872,34894,34894,6000,11,5,10,1,5,2,379063.9952380954,0.1358000000473112,,0.1111111111111111,0.044444444444444446,,,,,,,20,
141,53047.26666666667,8.45,53038.81666666667,0.05,0.0558,0.332,5.745000001043081,1.458,1.458,0.872,29307,29307,6000,11,5,10,1,5,2,372506.5785714287,0.12766666669631377,,0.1111111111111111,0.044444444444444446,,,,,,,20,
142,41981.39999999999,4.283333333333333,41977.116666666654,0.027,0.057,0.203,2.4979999996721745,0.477,0.477,0,17372,17372,0,6,3,6,0,3,2,351923.86190476216,0.055511111102532595,,0.06666666666666667,0.044444444444444446,,,,,,,0,
143,28943.6,0,28943.6,0.056,0.057,0.203,3.3770000003278255,1.356,1.356,0,24249,24249,0,6,3,6,0,3,2,350643.7952380954,0.07504444441292435,,0.06666666666666667,0.044444444444444446,,,,,,,0,
144,28196.716666666664,0,28196.716666666664,0.054,0.0558,0.332,4.88399999961257,1.566,1.566,0,28893,28893,0,10,5,10,0,5,2,355901.69523809553,0.10853333334671333,5.466666666666668,0.1111111111111111,0.044444444444444446,2.688888888888889,1.1111111111111112,2.5370666665839963,0.06666666666666667,0,33.863,0,
145,27505.283333333326,0,27505.283333333326,0.048,0.0558,0.332,4.219999998807907,0.9,0.9,0,18892,18892,0,10,5,10,0,5,2,349978.46190476214,0.0937777777435258,,0.1111111111111111,0.044444444444444446,,,,,,,0,
146,25434.33333333334,0,25434.33333333334,0,0.062,0.062,0.6189999990165234,0,0,0,0,0,0,1,0,1,0,1,2,325357.4952380956,0.01375555555569008,,0.022222222222222223,0.044444444444444446,,,,,,,0,
147,27735.283333333326,0,27735.283333333326,0.045,0.057,0.203,2.7939999997615814,0.772,0.772,0,17253,17253,0,6,3,6,0,3,2,320741.19523809553,0.06208888889523223,,0.06666666666666667,0.044444444444444446,,,,,,,0,
148,29299.666666666664,0.1333333333333333,29299.53333333333,0.055,0.058,0.137,1.8029999993741512,0.43,0.43,0,7785,7785,0,4,2,4,0,2,2,310997.6285714288,0.0400666666100733,,0.044444444444444446,0.044444444444444446,,,,,,,0,
149,26503.549999999992,0,26503.549999999992,0,NaN,0,0,0,0,0,0,0,0,0,0,0,0,0,2,295403.5119047621,0,,0,0.044444444444444446,,,,,,,0,
150,38560.166666666664,41.74999999999999,38518.416666666664,0,NaN,0,0,0,0,0,0,0,0,0,0,0,0,0,2,276492.92857142887,0,,0,0.044444444444444446,,,,,,,0,
151,42432.7,843.7166666666667,41588.98333333333,0,NaN,0,0,0,0,0,0,0,0,0,0,0,0,0,2,256367.09523809556,0,,0,0.044444444444444446,,,,,,,0,
152,34943.15,14081.616666666669,20861.533333333333,0.047,0.057,0.203,2.741999998688698,0.72,0.72,0,15238,15238,0,6,3,6,0,3,2,268291.5119047622,0.06093333329772577,,0.06666666666666667,0.044444444444444446,,,,,,,0,
153,37229.533333333326,29266.499999999993,7963.033333333333,0,NaN,0,0,0,0,0,0,0,0,0,0,0,0,0,2,264687.4119047622,0,,0,0.044444444444444446,,,,,,,0,
154,43088.89999999999,76080.71666666666,-32991.81666666667,0.068,0.058,0.137,1.663000002503395,0.291,0.291,0,4248,4248,0,4,2,4,0,2,2,288382.7619047622,0.036955555609893054,,0.044444444444444446,0.044444444444444446,,,,,,,0,
155,42398.25,136333.51666666666,-93935.26666666666,0.015,0.058,0.137,1.495999999344349,0.123,0.123,0,8227,8227,0,4,2,4,0,2,2,304430.29523809545,0.03324444446479902,,0.044444444444444446,0.044444444444444446,,,,,,,0,
156,33964.26666666667,152631.71666666667,-118667.45000000001,0,0.054,0.054,0.5439999997615814,0,0,0,0,0,0,1,0,1,0,0,3,308261.3119047622,0.012088888848666102,,0,0.06666666666666667,,,,,,,0,
157,33521.74999999999,152217.9,-118696.15,0,0.054,0.054,0.5450000017881393,0,0,0,0,0,0,1,0,1,0,0,3,309293.5785714289,0.012111111194826663,,0,0.06666666666666667,,,,,,,0,
158,26273.683333333334,140234.53333333335,-113960.85000000002,0,0.054,0.054,0.544999998062849,0,0,0,0,0,0,1,0,1,0,0,3,309293.5785714289,0.01211111107841134,,0,0.06666666666666667,,,,,,,0,
159,25220.466666666656,110380.66666666666,-85160.2,0,0.054,0.054,0.5439999997615814,0,0,0,0,0,0,1,0,1,0,0,3,308804.6119047622,0.012088888848666102,,0,0.06666666666666667,,,,,,,0,
160,34583.25,57187.69999999998,-22604.449999999983,0,NaN,0,0,0,0,0,0,0,0,0,0,0,0,0,2,296920.17857142887,0,,0,0.044444444444444446,,,,,,,0,
161,52890.43333333334,8152.25,44738.18333333334,0.056,0.05625,0.267,4.36600000038743,1.695,1.695,0,30028,30028,0,8,4,8,0,4,2,299311.7285714289,0.0970222222385928,,0.08888888888888889,0.044444444444444446,,,,,,,0,
162,62928.76666666668,0,62928.76666666668,0.069,0.05477777777777778,1.186,19.515999998897314,7.655,7.655,0,111307,111307,0,37,19,37,0,18,2,377439.8619047623,0.4336888888501562,,0.4,0.044444444444444446,,,,,,,0,
163,64029.11666666667,0.25,64028.86666666667,0.067,0.05482352941176471,1.121,18.32200000062585,6.143,6.143,0.872,91641,91641,6000,36,18,35,1,17,2,435890.1119047623,0.40715555555652827,,0.37777777777777777,0.044444444444444446,,,,,,,5.555555555555555,
164,64647.316666666666,6.083333333333332,64641.23333333333,0.036,0.05625,0.267,3.48199999704957,0.812,0.812,0,22846,22846,0,8,4,8,0,4,2,395359.44523809565,0.0773777777212672,,0.08888888888888889,0.044444444444444446,,,,,,,0,
165,47105.06666666666,2.2,47102.86666666666,0.047,0.0558,0.332,4.783000003546476,1.464,1.464,0,31267,31267,0,10,5,10,0,5,2,387908.9952380956,0.10628888901555911,,0.1111111111111111,0.044444444444444446,,,,,,,0,
166,47559.76666666666,3,47556.76666666666,0.034,0.058,0.137,1.7299999967217445,0.356,0.356,0,10577,10577,0,4,2,4,0,2,2,353556.8452380955,0.0384444443625398,,0.044444444444444446,0.044444444444444446,,,,,,,0,
167,34533.633333333324,0.08333333333333331,34533.54999999999,0.059,0.0558,0.332,5.823000002652407,1.538,1.538,0.872,26030,26030,6000,11,5,10,1,5,2,360722.9952380956,0.1294000000343658,,0.1111111111111111,0.044444444444444446,,,,,,,20,
168,26681.23333333333,0,26681.23333333333,0.053,0.05625,0.267,3.9160000011324883,1.245,1.245,0,23630,23630,0,8,4,8,0,4,2,361938.27857142896,0.08702222222927958,3.622222222222222,0.08888888888888889,0.044444444444444446,1.7333333333333334,1.1555555555555554,1.6785999999265186,0.044444444444444446,0,24.465000000000003,0,
169,25306.233333333326,0,25306.233333333326,0.054,0.057,0.203,2.730000004172325,0.708,0.708,0,13034,13034,0,6,3,6,0,3,2,351644.57857142884,0.06066666677361354,,0.06666666666666667,0.044444444444444446,,,,,,,0,