time,agg_demand,agg_supply,agg_actual_demand,historical_prices,cost_transaction,trading_volume,nat_grid_volume,no_total_transactions,no_trades_market,no_market_transactions,no_nat_grid_transactions,no_bids_market,no_asks_market,charge_history_agg,hourly_expenditure,avg_expenditure_hourly,avg_transactions_day,avg_bids_agent,avg_asks_agent,avg_bids_day,avg_asks_day,avg_cost_day_agent,avg_nat_grid_purchases_day,trading_daily_volume,percentage_Market_Trades,black_Out_Instances
0,68.64100000000002,0.324,68.31700000000002,0,NaN,0,0,0,0,0,0,0,0,972000,NaN,3749910.9973950614,0,0,0,,,,,,0,0
1,65.339,0.005,65.334,0,NaN,0,0,0,0,0,0,0,0,903683,0,3749910.9973950614,0,0,0,,,,,,0,0
2,57.73300000000001,0.005,57.72800000000001,0,NaN,0.083,0.282,2,1,1,1,0,0,838349,0,3749910.9973950614,0.024691358024691357,0,0,,,,,,100,0
3,57.925999999999995,0.004,57.922,0,0.058,0,0,2,0,2,0,2,0,784541,0.004765431862324476,3749910.9926296296,0.024691358024691357,0.024691358024691357,0,,,,,,0,0
4,63.41100000000001,0.004,63.40700000000001,0,0.05566666666666667,0,0.438,8,0,6,2,6,0,726619,0.014358024578541517,3749910.978271605,0.09876543209876543,0.07407407407407407,0,,,,,,0,0
5,57.28499999999999,0.004,57.28099999999999,0,0.055,0,0.19,13,0,12,1,12,0,669314,0.04920987645164132,3749910.9290617285,0.16049382716049382,0.14814814814814814,0,,,,,,0,0
6,58.53500000000001,0.02,58.51500000000001,0,0.05486666666666666,0,1.033,20,0,15,5,15,0,614678,0.08514814777299762,3749910.8439135808,0.24691358024691357,0.18518518518518517,0,,,,,,0,0
7,64.408,0.831,63.577,0,0.05466666666666667,0,0.086,28,0,27,1,27,0,570543,0.12088888883590698,3749910.723024692,0.345679012345679,0.3333333333333333,0,,,,,,0,0
8,74.23700000000002,20.48200000000001,53.75500000000001,0,0.055,0,2.017,32,0,24,8,23,1,508161,0.1845432105474174,3749910.5384814814,0.3950617283950617,0.2839506172839506,0.012345679012345678,,,,,,0,0
9,79.60600000000005,49.824000000000005,29.782000000000046,0.068,0.05480555555555556,0,0.394,41,0,36,5,31,5,481549,0.1982839498668909,3749910.3401975315,0.5061728395061729,0.38271604938271603,0.06172839506172839,,,,,,0,0
10,92.48499999999999,65.72000000000001,26.764999999999972,0.072,0.054961538461538464,0.052,1.739,37,1,27,10,22,4,444872,0.26144444663077593,3749910.078753085,0.4567901234567901,0.2716049382716049,0.04938271604938271,,,,,,10,0
11,95.95599999999999,135.89600000000004,-39.940000000000055,0.083,0.055538461538461543,0,0.839,17,0,13,4,10,3,417202,0.215999998152256,3749909.8627530867,0.20987654320987653,0.12345679012345678,0.037037037037037035,,,,,,0,0
12,93.80499999999998,91.00900000000003,2.7959999999999496,0,0.05475,0,0.806,25,0,20,5,20,0,408592,0.10861728433519602,3749909.7541358024,0.30864197530864196,0.24691358024691357,0,,,,,,0,0
13,84.05899999999997,71.59399999999997,12.465000000000003,0,0.05466666666666667,0.027,0.524,33,1,28,5,27,0,376133,0.15166666731238365,3749909.602469135,0.4074074074074074,0.3333333333333333,0,,,,,,20,0
14,86.14000000000003,58.41499999999999,27.725000000000037,0,0.05472727272727273,0.011,1.746,37,1,23,14,22,0,334721,0.1951358006335795,3749909.4073333344,0.4567901234567901,0.2716049382716049,0,,,,,,7.142857142857142,0
15,86.47799999999998,19.154,67.32399999999998,0,0.0546551724137931,0,1.959,42,0,29,13,29,0,300113,0.18830864364281297,3749909.219024691,0.5185185185185185,0.35802469135802467,0,,,,,,0,0
16,91.357,5.768999999999998,85.588,0,0.05469565217391304,0.024,4.909,47,1,24,23,23,0,260161,0.23667901335284114,3749908.9823456774,0.5802469135802469,0.2839506172839506,0,,,,,,4.3478260869565215,0
17,115.98,0.29600000000000004,115.684,0,0.0545609756097561,0.017,4.674,58,1,42,16,41,0,254552,0.24576543224975467,3749908.736580245,0.7160493827160493,0.5061728395061729,0,,,,,,6.25,0
18,130.09499999999994,1.0509999999999997,129.04399999999995,0,0.05457142857142857,0.038,8.058,65,1,43,22,42,0,232237,0.35466666566208005,3749908.3819135795,0.8024691358024691,0.5185185185185185,0,,,,,,4.545454545454546,0
19,113.37600000000003,1.682,111.69400000000003,0,0.05454347826086956,0.153,5.377,72,2,48,24,46,0,240390,0.410938270855695,3749907.9709753087,0.8888888888888888,0.5679012345679012,0,,,,,,8.333333333333332,0
20,101.705,1.0459999999999998,100.65899999999999,0,0.05453061224489796,0,5.445,75,0,49,26,49,0,207702,0.40733333537355065,3749907.5636419733,0.9259259259259259,0.6049382716049383,0,,,,,,0,0
21,99.88100000000001,1.5579999999999996,98.32300000000002,0,0.05454166666666666,0.02,6.911,78,1,49,29,48,0,207694,0.4308024672791362,3749907.132839506,0.9629629629629629,0.5925925925925926,0,,,,,,3.4482758620689653,0
22,91.745,1.6529999999999998,90.092,0,0.054575,0,5.894,75,0,40,35,40,0,212276,0.4460740736685693,3749906.6867654324,0.9259259259259259,0.49382716049382713,0,,,,,,0,0
23,81.274,0.973,80.301,0,0.0545609756097561,0.062,5.791,78,2,43,35,41,0,205843,0.38770370185375214,3749906.2990617305,0.9629629629629629,0.5061728395061729,0,,,,,,5.714285714285714,0
24,62.482,0.213,62.269,0,0.0546,0,4.253,76,0,35,41,35,0,210210,0.39306173101067543,3749905.9059999995,0.9382716049382716,0.43209876543209874,0,7.111111111111111,0.16049382716049382,4.6983333309181035,3.506172839506173,0.48700000000000004,0,0
25,53.49499999999999,0.004,53.49099999999999,0,0.05454166666666666,0,2.888,78,0,48,30,48,0,216181,0.3415802465751767,3749905.564419753,0.9629629629629629,0.5925925925925926,0,,,,,,0,0
26,63.61000000000002,0.004,63.60600000000002,0,0.05461764705882353,0,5.637,78,0,34,44,34,0,206577,0.3977654315531254,3749905.1666543214,0.9629629629629629,0.41975308641975306,0,,,,,,0,0
27,62.92500000000002,0.005,62.920000000000016,0,0.05457142857142857,0,3.736,77,0,42,35,42,0,207710,0.3558765444904566,3749904.810777777,0.9506172839506173,0.5185185185185185,0,,,,,,0,0
28,61.461000000000006,0.004,61.45700000000001,0,0.054564102564102566,0,3.753,78,0,39,39,39,0,205557,0.3743827152065933,3749904.4363950617,0.9629629629629629,0.48148148148148145,0,,,,,,0,0
29,57.17099999999999,0.004,57.166999999999994,0,0.0545609756097561,0,4.778,79,0,41,38,41,0,200235,0.3597037042491138,3749904.0766913574,0.9753086419753086,0.5061728395061729,0,,,,,,0,0
30,56.84999999999999,0.008,56.841999999999985,0,0.05457142857142857,0,3.461,79,0,42,37,42,0,213254,0.38440740713849664,3749903.6922839503,0.9753086419753086,0.5185185185185185,0,,,,,,0,0
31,63.897000000000006,0.166,63.73100000000001,0,0.05455555555555556,0,5.175,80,0,45,35,45,0,207221,0.3735679001547396,3749903.31871605,0.9876543209876543,0.5555555555555556,0,,,,,,0,0
32,78.37299999999999,4.6320000000000014,73.74099999999999,0,0.0546,0,5.068,80,0,35,45,35,0,216439,0.4123827163130045,3749902.906333334,0.9876543209876543,0.43209876543209874,0,,,,,,0,0
33,80.90899999999998,14.943999999999997,65.96499999999997,0,0.054558139534883726,0,4.015,78,0,43,35,43,0,207823,0.35676543368026614,3749902.5495679,0.9629629629629629,0.5308641975308642,0,,,,,,0,0
34,83.37700000000002,35.74699999999999,47.63000000000003,0,0.05463333333333333,0,3.548,63,0,30,33,30,0,197827,0.384567900095135,3749902.165,0.7777777777777778,0.37037037037037035,0,,,,,,0,0
35,91.18699999999998,42.575,48.61199999999998,0,0.05458333333333334,0,2.758,61,0,36,25,36,0,204870,0.28891357965767384,3749901.8760864204,0.7530864197530864,0.4444444444444444,0,,,,,,0,0
36,88.69500000000005,33.484999999999985,55.210000000000065,0,0.054578947368421046,0,4.159,67,0,38,29,38,0,184456,0.309049382340163,3749901.567037038,0.8271604938271605,0.4691358024691358,0,,,,,,0,0
37,84.877,34.736000000000004,50.14099999999999,0,0.05461764705882353,0,3.625,70,0,34,36,34,0,203277,0.34504938311874866,3749901.221987655,0.8641975308641975,0.41975308641975306,0,,,,,,0,0
38,82.626,56.604000000000006,26.022,0,0.05482352941176471,0,2.995,46,0,17,29,17,0,202479,0.32059259433299303,3749900.9013950606,0.5679012345679012,0.20987654320987653,0,,,,,,0,0
39,93.306,32.63699999999999,60.669000000000004,0,0.05453061224489796,0,3.358,75,0,49,26,49,0,211807,0.18960493756458163,3749900.711790123,0.9259259259259259,0.6049382716049383,0,,,,,,0,0
40,99.10699999999997,12.988999999999999,86.11799999999997,0,0.0546,0,7.3,77,0,35,42,35,0,201296,0.40502469101920724,3749900.306765432,0.9506172839506173,0.43209876543209874,0,,,,,,0,0
41,118.19799999999996,4.1579999999999995,114.03999999999996,0,0.05454545454545454,0,6.869,78,0,44,34,44,0,211613,0.3804814824834466,3749899.9262839495,0.9629629629629629,0.5432098765432098,0,,,,,,0,0
42,123.66499999999999,4.512,119.15299999999999,0,0.054575,0,9.639,79,0,40,39,40,0,201232,0.42530864104628563,3749899.5009753085,0.9753086419753086,0.49382716049382713,0,,,,,,0,0
43,108.929,4.550999999999999,104.378,0,0.054558139534883726,0,6.178,79,0,43,36,43,0,207363,0.4390617269091308,3749899.0619135816,0.9753086419753086,0.5308641975308642,0,,,,,,0,0
44,100.65400000000001,4.38,96.27400000000002,0,0.054564102564102566,0,9.167,80,0,39,41,39,0,200234,0.4125061733648181,3749898.649407408,0.9876543209876543,0.48148148148148145,0,,,,,,0,0
45,90.041,3.88,86.161,0,0.05454347826086956,0,4.466,79,0,46,33,46,0,210064,0.42912345845252275,3749898.2202839497,0.9753086419753086,0.5679012345679012,0,,,,,,0,0
46,77.62799999999999,3.031,74.59699999999998,0,0.05458333333333334,0,6.758,80,0,36,44,36,0,191160,0.40767901251092553,3749897.8126049372,0.9876543209876543,0.4444444444444444,0,,,,,,0,0
47,63.861000000000004,1.646,62.215,0,0.05453061224489796,0,3.358,80,0,49,31,49,0,204665,0.38309876481071115,3749897.4295061724,0.9876543209876543,0.6049382716049383,0,,,,,,0,0
48,53.417999999999985,0.356,53.06199999999998,0,0.0545609756097561,0,4.379,80,0,41,39,41,0,198036,0.4115802478045225,3749897.0179259246,0.9876543209876543,0.5061728395061729,0,11.604938271604938,0,8.476493827067316,10.580246913580247,0,0,0
49,52.538,0.006,52.532,0,0.054578947368421046,0,3.915,80,0,38,42,38,0,198979,0.38085184851661325,3749896.637074076,0.9876543209876543,0.4691358024691358,0,,,,,,0,0
50,51.38499999999999,0.004,51.38099999999999,0,0.05454545454545454,0,3.623,81,0,44,37,44,0,207758,0.35881481785327196,3749896.2782592583,1,0.5432098765432098,0,,,,,,0,0
51,52.17600000000001,0.004,52.17200000000001,0,0.05454545454545454,0,3.447,81,0,44,37,44,0,216675,0.38902468886226416,3749895.8892345694,1,0.5432098765432098,0,,,,,,0,0
52,54.70500000000001,0.004,54.701000000000015,0,0.054558139534883726,0,3.963,81,0,43,38,43,0,233674,0.3869012361392379,3749895.5023333333,1,0.5308641975308642,0,,,,,,0,0
53,53.288999999999994,0.004,53.285,0,0.054558139534883726,0,3.385,81,0,43,38,43,0,259389,0.38779012067243457,3749895.1145432126,1,0.5308641975308642,0,,,,,,0,0
54,55.619,0.053000000000000005,55.566,0,0.0545609756097561,0,4.166,81,0,41,40,41,0,278237,0.3806913588196039,3749894.7338518538,1,0.5061728395061729,0,,,,,,0,0
55,61.46900000000003,1.9789999999999979,59.49000000000003,0,0.05454545454545454,0,3.803,81,0,44,37,44,0,292222,0.37953086476773024,3749894.354320989,1,0.5432098765432098,0,,,,,,0,0
56,73.54499999999997,49.53,24.014999999999972,0,0.05469565217391304,0,2.804,50,0,23,27,23,0,293990,0.3912469148635864,3749893.963074074,0.6172839506172839,0.2839506172839506,0,,,,,,0,0
57,73.92000000000002,104.29100000000003,-30.37100000000001,0,0.05492307692307692,0,0.722,29,0,13,16,13,0,314455,0.22495061811059713,3749893.738123456,0.35802469135802467,0.16049382716049382,0,,,,,,0,0
58,75.608,172.56399999999996,-96.95599999999996,0,0.0558,0,0.533,10,0,5,5,5,0,324977,0.11783950589597225,3749893.62028395,0.12345679012345678,0.06172839506172839,0,,,,,,0,0
59,86.00800000000001,182.95200000000003,-96.94400000000002,0,0.0558,0,0.775,11,0,5,6,5,0,336870,0.04756790166720748,3749893.5727160485,0.13580246913580246,0.06172839506172839,0,,,,,,0,0
60,80.26700000000001,254.61800000000002,-174.351,0,0.058,0,0.058,3,0,2,1,2,0,346304,0.05182716157287359,3749893.520888887,0.037037037037037035,0.024691358024691357,0,,,,,,0,0
61,86.78899999999997,205.29699999999994,-118.50799999999997,0,0.05542857142857143,0,0.178,8,0,7,1,7,0,361913,0.01637037005275488,3749893.504518517,0.09876543209876543,0.08641975308641975,0,,,,,,0,0
62,79.929,263.42900000000003,-183.50000000000003,0,0.062,0,0.064,2,0,1,1,1,0,351807,0.05143209779635072,3749893.453086419,0.024691358024691357,0.012345679012345678,0,,,,,,0,0
63,77.635,205.73599999999996,-128.10099999999994,0,0.058,0,0.143,3,0,2,1,2,0,334300,0.009728395845741034,3749893.443358023,0.037037037037037035,0.024691358024691357,0,,,,,,0,0
64,89.85300000000001,109.72399999999996,-19.870999999999952,0,0.05566666666666667,0,0,6,0,6,0,6,0,299158,0.01740740705281496,3749893.425950616,0.07407407407407407,0.07407407407407407,0,,,,,,0,0
65,104.30300000000001,16.536000000000005,87.76700000000001,0,0.05486666666666666,0,2.382,19,0,15,4,15,0,260783,0.04122222261503339,3749893.3847283935,0.2345679012345679,0.18518518518518517,0,,,,,,0,0
66,112.49700000000001,4.412,108.08500000000001,0,0.05459459459459459,0,1.981,40,0,37,3,37,0,253231,0.1362592587247491,3749893.248469135,0.49382716049382713,0.4567901234567901,0,,,,,,0,0
67,108.83300000000001,4.505,104.32800000000002,0,0.054538461538461536,0,3.272,61,0,52,9,52,0,226826,0.27769135776907206,3749892.970777777,0.7530864197530864,0.6419753086419753,0,,,,,,0,0
68,99.59299999999999,4.352,95.24099999999999,0,0.05451724137931034,0,4.23,72,0,58,14,58,0,200224,0.40217283833771944,3749892.5686049387,0.8888888888888888,0.7160493827160493,0,,,,,,0,0
69,88.38800000000002,3.86,84.52800000000002,0,0.05451724137931034,0,4.104,77,0,58,19,58,0,209180,0.46074074134230614,3749892.1078641973,0.9506172839506173,0.7160493827160493,0,,,,,,0,0
70,71.90700000000001,3.001,68.906,0,0.05450909090909091,0,3.885,79,0,55,24,55,0,221139,0.46562962839379907,3749891.642234569,0.9753086419753086,0.6790123456790124,0,,,,,,0,0
71,58.37099999999999,1.595,56.77599999999999,0,0.054518518518518515,0,2.809,79,0,54,25,54,0,237221,0.4491975298151374,3749891.193037039,0.9753086419753086,0.6666666666666666,0,,,,,,0,0
72,52.055,0.317,51.738,0,0.05453191489361702,0,3.546,79,0,47,32,47,0,254241,0.43064197711646557,3749890.762395062,0.9753086419753086,0.5802469135802469,0,9.024691358024691,0,5.824888885486871,5.728395061728395,0,0,0
73,57.40300000000003,0.004,57.39900000000003,0,0.05452941176470588,0,3.862,80,0,51,29,51,0,251802,0.401654320769012,3749890.3607407412,0.9876543209876543,0.6296296296296297,0,,,,,,0,0
74,52.43599999999999,0.004,52.431999999999995,0,0.054547619047619046,0,3.383,80,0,42,38,42,0,261851,0.4286419772543013,3749889.932098764,0.9876543209876543,0.5185185185185185,0,,,,,,0,0
75,51.25000000000002,0.004,51.24600000000002,0,0.05453061224489796,0,2.964,80,0,49,31,49,0,277221,0.37393827037885785,3749889.5581604936,0.9876543209876543,0.6049382716049383,0,,,,,,0,0
76,60.592999999999975,0.005,60.58799999999997,0,0.054578947368421046,0,4.352,81,0,38,43,38,0,289830,0.40672839526087046,3749889.1514320984,1,0.4691358024691358,0,,,,,,0,0
77,59.35200000000002,0.004,59.34800000000002,0,0.05454,0,3.839,81,0,50,31,50,0,300704,0.36549382749944925,3749888.785938271,1,0.6172839506172839,0,,,,,,0,0
78,75.81300000000002,0.186,75.62700000000001,0,0.05459459459459459,0,5.474,81,0,37,44,37,0,305673,0.4241975308395922,3749888.36174074,1,0.4567901234567901,0,,,,,,0,0
79,91.14500000000004,5.004,86.14100000000003,0,0.05454347826086956,0,6.072,80,0,46,34,46,0,322867,0.3739382713101804,3749887.9878024687,0.9876543209876543,0.5679012345679012,0,,,,,,0,0
80,77.53200000000001,55.220999999999975,22.311000000000035,0,0.054642857142857146,0,2.423,49,0,28,21,28,0,331173,0.4289135793223977,3749887.5588888894,0.6049382716049383,0.345679012345679,0,,,,,,0,0
81,69.72400000000002,125.78599999999999,-56.06199999999997,0,0.055,0,1.496,24,0,12,12,12,0,319587,0.24598765512928367,3749887.3129012343,0.2962962962962963,0.14814814814814814,0,,,,,,0,0
82,65.67899999999999,197.60199999999998,-131.923,0,0.0558,0,0.158,8,0,5,3,5,0,316940,0.11553086386993527,3749887.1973703704,0.09876543209876543,0.06172839506172839,0,,,,,,0,0
83,69.137,252.18499999999992,-183.04799999999992,0,0.058,0,0.055,3,0,2,1,2,0,308698,0.04032098734751344,3749887.157049383,0.037037037037037035,0.024691358024691357,0,,,,,,0,0
84,65.74,284.2220000000001,-218.48200000000008,0,0.062,0,0,1,0,1,0,1,0,306397,0.016333333682268858,3749887.1407160494,0.012345679012345678,0.012345679012345678,0,,,,,,0,0
85,63.40199999999999,287.68699999999995,-224.28499999999997,0,NaN,0,0.083,1,0,0,1,0,0,278136,0.007641974836587906,3749887.1330740745,0.012345679012345678,0,0,,,,,,0,0
86,58.307,267.6119999999999,-209.3049999999999,0,NaN,0,0,0,0,0,0,0,0,258239,0.0023209876380860806,3749887.130753087,0,0,0,,,,,,0,0
87,59.17599999999997,213.2419999999999,-154.06599999999992,0,0.062,0,0,1,0,1,0,1,0,254816,0,3749887.130753087,0.012345679012345678,0.012345679012345678,0,,,,,,0,0
88,63.608,116.19699999999997,-52.58899999999998,0,NaN,0,0.193,1,0,0,1,0,0,247587,0.0076419757679104805,3749887.123111111,0.012345679012345678,0,0,,,,,,0,0
89,96.33099999999999,18.141999999999996,78.189,0,0.05566666666666667,0,0,6,0,6,0,6,0,246342,0.0036666663363575935,3749887.119444445,0.07407407407407407,0.07407407407407407,0,,,,,,0,0
90,130.24599999999998,4.509,125.73699999999998,0,0.05461764705882353,0,0,34,0,34,0,34,0,245769,0.041222223080694675,3749887.0782222217,0.41975308641975306,0.41975308641975306,0,,,,,,0,0
91,133.784,4.520999999999999,129.263,0,0.054568181818181814,0,7.557,60,0,44,16,44,0,230043,0.2291975300759077,3749886.8490246916,0.7407407407407407,0.5432098765432098,0,,,,,,0,0
92,112.415,4.268000000000001,108.147,0,0.05452727272727273,0,3.706,70,0,55,15,55,0,244566,0.4103950629942119,3749886.4386296286,0.8641975308641975,0.6790123456790124,0,,,,,,0,0
93,95.78099999999999,3.8040000000000003,91.97699999999999,0,0.05452830188679245,0,5.128,74,0,53,21,53,0,251464,0.43540740571916103,3749886.003222223,0.9135802469135802,0.654320987654321,0,,,,,,0,0
94,80.04099999999997,2.9319999999999995,77.10899999999997,0,0.054518518518518515,0,3.142,78,0,54,24,54,0,274362,0.44734568102285266,3749885.555876542,0.9629629629629629,0.6666666666666666,0,,,,,,0,0
95,67.95699999999998,1.5599999999999998,66.39699999999998,0,0.05455555555555556,0,5.406,79,0,45,34,45,0,305634,0.4333580229431391,3749885.122518519,0.9753086419753086,0.5555555555555556,0,,,,,,0,0
96,54.56199999999998,0.321,54.240999999999985,0,0.05454347826086956,0,3.683,78,0,46,32,46,0,319810,0.4138641986064613,3749884.7086543203,0.9629629629629629,0.5679012345679012,0,8.641975308641975,0,5.639876543078572,5.320987654320989,0,0,0
97,53.548999999999985,0.005,53.54399999999998,0,0.05453061224489796,0,2.817,79,0,49,30,49,0,316505,0.3967530857771635,3749884.3119012346,0.9753086419753086,0.6049382716049383,0,,,,,,0,0
98,59.784000000000006,0.006,59.778000000000006,0,0.054553191489361705,0,3.704,81,0,47,34,47,0,326390,0.4035432110540569,3749883.9083580235,1,0.5802469135802469,0,,,,,,0,0
99,61.38900000000002,0.004,61.38500000000002,0,0.054558139534883726,0,4.651,81,0,43,38,43,0,323249,0.40632098680362105,3749883.5020370367,1,0.5308641975308642,0,,,,,,0,0
100,69.11800000000001,0.005,69.11300000000001,0,0.054553191489361705,0,4.281,81,0,47,34,47,0,341267,0.39630864281207323,3749883.105728394,1,0.5802469135802469,0,,,,,,0,0
101,66.80900000000001,0.005,66.80400000000002,0,0.054575,0,4.923,81,0,40,41,40,0,319848,0.413456788752228,3749882.692271605,1,0.49382716049382713,0,,,,,,0,0
102,88.50999999999995,0.256,88.25399999999995,0,0.05457142857142857,0,7.203,81,0,42,39,42,0,307546,0.3834197516553104,3749882.3088518535,1,0.5185185185185185,0,,,,,,0,0
103,100.08999999999996,6.6899999999999995,93.39999999999996,0,0.05457142857142857,0,5.405,80,0,42,38,42,0,296932,0.42240740824490786,3749881.8864444452,0.9876543209876543,0.5185185185185185,0,,,,,,0,0
104,79.60700000000001,39.60299999999997,40.00400000000004,0,0.054642857142857146,0,3.875,59,0,28,31,28,0,297493,0.3989259288646281,3749881.4875185164,0.7283950617283951,0.345679012345679,0,,,,,,0,0
105,67.21900000000004,112.776,-45.55699999999996,0,0.05522222222222222,0,1.131,20,0,9,11,9,0,299809,0.27699999744072556,3749881.210518519,0.24691358024691357,0.1111111111111111,0,,,,,,0,0
106,69.21100000000001,167.59799999999996,-98.38699999999994,0,0.05522222222222222,0,0.873,13,0,9,4,9,0,281420,0.08955555642023683,3749881.1209629625,0.16049382716049382,0.1111111111111111,0,,,,,,0,0
107,65.85100000000003,247.7300000000001,-181.87900000000008,0,0.062,0,0.34,4,0,1,3,1,0,269248,0.07732098689302802,3749881.0436419756,0.04938271604938271,0.012345679012345678,0,,,,,,0,0
108,60.160999999999994,280.228,-220.067,0,0.057,0,0,3,0,3,0,3,0,257296,0.01571604935452342,3749881.0279259263,0.037037037037037035,0.037037037037037035,0,,,,,,0,0
109,52.29600000000001,271.7459999999999,-219.44999999999993,0,0.062,0,0.074,2,0,1,1,1,0,238342,0.021061728708446026,3749881.0068641976,0.024691358024691357,0.012345679012345678,0,,,,,,0,0
110,59.483999999999995,180.14500000000007,-120.66100000000007,0,0.062,0,0.073,2,0,1,1,1,0,235594,0.009851851500570774,3749880.997012346,0.024691358024691357,0.012345679012345678,0,,,,,,0,0
111,67.41900000000001,80.627,-13.207999999999984,0,NaN,0,0.203,1,0,0,1,0,0,220082,0.009839506819844246,3749880.987172839,0.012345679012345678,0,0,,,,,,0,0
112,68.67100000000002,55.45899999999999,13.212000000000032,0,0.05566666666666667,0,0.375,7,0,6,1,6,0,203431,0.0038024690002202988,3749880.98337037,0.08641975308641975,0.07407407407407407,0,,,,,,0,0
113,86.333,8.738000000000001,77.595,0,0.055,0,0.962,14,0,12,2,12,0,187875,0.047135801054537296,3749880.936234569,0.1728395061728395,0.14814814814814814,0,,,,,,0,0
114,98.965,4.504,94.461,0,0.05459459459459459,0,0.246,38,0,37,1,37,0,203878,0.09596296539530158,3749880.840271604,0.4691358024691358,0.4567901234567901,0,,,,,,0,0
115,98.89800000000002,4.555,94.34300000000002,0,0.054558139534883726,0,2.588,54,0,43,11,43,0,203571,0.2537037022411823,3749880.5865679015,0.6666666666666666,0.5308641975308642,0,,,,,,0,0
116,105.457,4.3759999999999994,101.08099999999999,0,0.05453061224489796,0,4.007,65,0,49,16,49,0,207582,0.33579012425616384,3749880.2507777773,0.8024691358024691,0.6049382716049383,0,,,,,,0,0
117,90.59700000000001,3.8360000000000003,86.76100000000001,0,0.05452941176470588,0,5.108,73,0,51,22,51,0,209366,0.40013580257073045,3749879.8506419747,0.9012345679012346,0.6296296296296297,0,,,,,,0,0
118,74.95699999999998,2.671,72.28599999999997,0,0.05452941176470588,0,4.059,76,0,51,25,51,0,211091,0.4349629613570869,3749879.4156790134,0.9382716049382716,0.6296296296296297,0,,,,,,0,0
119,59.299000000000014,1.62,57.679000000000016,0,0.05452941176470588,0,2.857,78,0,51,27,51,0,208422,0.4259135811589658,3749878.989765432,0.9629629629629629,0.6296296296296297,0,,,,,,0,0
120,52.705,0.399,52.306,0,0.05453061224489796,0,3.458,79,0,49,30,49,0,206530,0.41362963058054447,3749878.5761358016,0.9753086419753086,0.6049382716049383,0,8.74074074074074,0,5.718888888135552,5.469135802469135,0,0,0
121,55.275,0.004,55.271,0,0.05453061224489796,0,3.504,80,0,49,31,49,0,202981,0.41148148104548454,3749878.1646543206,0.9876543209876543,0.6049382716049383,0,,,,,,0,0
122,63.074,0.004,63.07,0,0.05454166666666666,0,4.077,80,0,48,32,48,0,195380,0.41333333356305957,3749877.751320987,0.9876543209876543,0.5925925925925926,0,,,,,,0,0
123,57.809000000000005,0.004,57.80500000000001,0,0.05453191489361702,0,3.509,79,0,47,32,47,0,197181,0.4149753078818321,3749877.336345679,0.9753086419753086,0.5802469135802469,0,,,,,,0,0
124,59.26200000000001,0.004,59.25800000000001,0,0.054575,0,4.624,79,0,40,39,40,0,215003,0.4012716067954898,3749876.9350740723,0.9753086419753086,0.49382716049382713,0,,,,,,0,0
125,56.93299999999999,0.004,56.928999999999995,0,0.054553191489361705,0,3.166,79,0,47,32,47,0,186937,0.3771111071109772,3749876.557962965,0.9753086419753086,0.5802469135802469,0,,,,,,0,0
126,76.69800000000004,0.004,76.69400000000003,0,0.054575,0,6.71,79,0,40,39,40,0,210604,0.3970740754157305,3749876.16088889,0.9753086419753086,0.49382716049382713,0,,,,,,0,0
127,99.05299999999998,0.099,98.95399999999998,0,0.054568181818181814,0,6.791,79,0,44,35,44,0,189669,0.40291358157992363,3749875.757975308,0.9753086419753086,0.5432098765432098,0,,,,,,0,0
128,82.68700000000001,3.0929999999999978,79.59400000000001,0,0.05454545454545454,0,4.81,79,0,44,35,44,0,206879,0.4255679012276232,3749875.332407407,0.9753086419753086,0.5432098765432098,0,,,,,,0,0
129,65.46599999999998,24.41,41.05599999999998,0,0.05458823529411765,0,3.118,69,0,34,35,34,0,205346,0.40109876496717334,3749874.931308642,0.8518518518518519,0.41975308641975306,0,,,,,,0,0
130,67.703,35.37899999999999,32.32400000000001,0,0.0546551724137931,0,2.165,53,0,29,24,29,0,206246,0.3131111105903983,3749874.6181975314,0.654320987654321,0.35802469135802467,0,,,,,,0,0
131,64.00900000000001,37.65300000000001,26.356,0,0.05469565217391304,0,2.364,56,0,23,33,23,0,214520,0.25337037025019526,3749874.364827161,0.691358024691358,0.2839506172839506,0,,,,,,0,0
132,75.60999999999999,30.655000000000005,44.954999999999984,0,0.0546,0,2.873,64,0,35,29,35,0,225347,0.22733333241194487,3749874.137493829,0.7901234567901234,0.43209876543209874,0,,,,,,0,0
133,69.04100000000001,25.707999999999995,43.33300000000001,0,0.0545609756097561,0,3.576,67,0,41,26,41,0,233898,0.30890123546123505,3749873.8285925933,0.8271604938271605,0.5061728395061729,0,,,,,,0,0
134,70.2,22.133999999999997,48.066,0,0.054564102564102566,0,3.189,69,0,39,30,39,0,239417,0.35403703758493066,3749873.4745555557,0.8518518518518519,0.48148148148148145,0,,,,,,0,0
135,76.33000000000001,20.467000000000006,55.86300000000001,0,0.054575,0,4.064,70,0,40,30,40,0,253407,0.3410123470239341,3749873.1335432087,0.8641975308641975,0.49382716049382713,0,,,,,,0,0
136,81.696,9.304000000000002,72.392,0,0.054553191489361705,0,5.14,78,0,47,31,47,0,244834,0.3584691337309778,3749872.775074075,0.9629629629629629,0.5802469135802469,0,,,,,,0,0
137,101.82200000000002,4.045,97.77700000000002,0,0.054575,0,7.276,78,0,40,38,40,0,249815,0.420185184571892,3749872.3548888904,0.9629629629629629,0.49382716049382713,0,,,,,,0,0
138,110.99500000000003,3.483,107.51200000000003,0,0.05455555555555556,0,7.55,79,0,45,34,45,0,258335,0.40855555422604084,3749871.946333336,0.9753086419753086,0.5555555555555556,0,,,,,,0,0
139,110.06499999999997,4.46,105.60499999999998,0,0.054575,0,8.113,79,0,40,39,40,0,267945,0.4404074107296765,3749871.5059259254,0.9753086419753086,0.49382716049382713,0,,,,,,0,0
140,104.49600000000002,4.103,100.39300000000003,0,0.05454347826086956,0,6.823,79,0,46,33,46,0,282685,0.42016049148514867,3749871.085765434,0.9753086419753086,0.5679012345679012,0,,,,,,0,0
141,89.10300000000001,3.684,85.41900000000001,0,0.054575,0,6.706,78,0,40,38,40,0,285212,0.4368271613493562,3749870.6489382726,0.9629629629629629,0.49382716049382713,0,,,,,,0,0
142,75.53200000000001,2.941,72.59100000000001,0,0.054558139534883726,0,5.167,79,0,43,36,43,0,296287,0.4015308655798435,3749870.247407407,0.9753086419753086,0.5308641975308642,0,,,,,,0,0
143,63.858,1.61,62.248,0,0.054575,0,3.63,77,0,40,37,40,0,305305,0.4001111094839871,3749869.8472962976,0.9506172839506173,0.49382716049382713,0,,,,,,0,0
144,57.445000000000014,0.398,57.04700000000001,0,0.05458333333333334,0,5.046,80,0,36,44,36,0,270969,0.36230864515528083,3749869.4849876524,0.9876543209876543,0.4444444444444444,0,12.222222222222221,0,8.728839504066855,9.851851851851851,0,0,0
145,62.183,0.005,62.178,0,0.05454347826086956,0,3.788,79,0,46,33,46,0,282709,0.36187654128298163,3749869.123111111,0.9753086419753086,0.5679012345679012,0,,,,,,0,0
146,57.242999999999995,0.005,57.23799999999999,0,0.05458333333333334,0,3.946,79,0,36,43,36,0,249697,0.3994074082002044,3749868.723703703,0.9753086419753086,0.4444444444444444,0,,,,,,0,0
147,57.39400000000002,0.005,57.38900000000002,0,0.05454545454545454,0,4.241,80,0,44,36,44,0,236847,0.34707407280802727,3749868.37662963,0.9876543209876543,0.5432098765432098,0,,,,,,0,0
148,64.60699999999999,0.004,64.60299999999998,0,0.05459459459459459,0,4.492,79,0,37,42,37,0,230248,0.39535802556201816,3749867.9812716045,0.9753086419753086,0.4567901234567901,0,,,,,,0,0
149,66.058,0.004,66.054,0,0.054575,0,5.019,79,0,40,39,40,0,208331,0.359246913343668,3749867.622024691,0.9753086419753086,0.49382716049382713,0,,,,,,0,0
150,80.94599999999998,0.044,80.90199999999999,0,0.054575,0,5.545,79,0,40,39,40,0,182084,0.3820493845269084,3749867.2399753067,0.9753086419753086,0.49382716049382713,0,,,,,,0,0
151,75.23599999999999,1.3689999999999989,73.86699999999999,0,0.05458974358974359,0,5.133,80,0,39,41,39,0,164698,0.38839506078511477,3749866.851580246,0.9876543209876543,0.48148148148148145,0,,,,,,0,0
152,61.373,25.328999999999986,36.04400000000001,0,0.054567567567567574,0,2.629,71,0,37,34,37,0,158800,0.3793703676201403,3749866.4722098783,0.8765432098765432,0.4567901234567901,0,,,,,,0,0
153,62.874,51.803000000000026,11.070999999999977,0,0.05469565217391304,0,1.323,38,0,23,15,23,0,140603,0.3258148175664246,3749866.1463950607,0.4691358024691358,0.2839506172839506,0,,,,,,0,0
154,59.818000000000005,134.98299999999998,-75.16499999999996,0,0.05625,0,0.536,7,0,4,3,4,0,124249,0.19111111061647534,3749865.95528395,0.08641975308641975,0.04938271604938271,0,,,,,,0,0
155,66.498,237.062,-170.56400000000002,0,0.05566666666666667,0,0.094,7,0,6,1,6,0,96665,0.03828394925221801,3749865.917000001,0.08641975308641975,0.07407407407407407,0,,,,,,0,0
156,59.88699999999998,270.771,-210.88400000000004,0,0.05825,0,0,4,0,4,0,3,1,81244,0.043666666839271784,3749865.873333334,0.04938271604938271,0.037037037037037035,0.012345679012345678,,,,,,0,0
157,54.324999999999996,274.6139999999999,-220.28899999999993,0,0.062,0,0.062,2,0,1,1,0,1,65938,0.028728395234793425,3749865.8446049388,0.024691358024691357,0,0.012345679012345678,,,,,,0,0
158,54.19199999999999,254.06800000000007,-199.8760000000001,0,0.062,0,0.356,2,0,1,1,0,1,53209,0.009691357612609863,3749865.834913581,0.024691358024691357,0,0.012345679012345678,,,,,,0,0
159,57.278999999999996,200.231,-142.952,0,0.062,0,0,2,0,2,0,1,1,47754,0.013345679268240929,3749865.821567902,0.024691358024691357,0.012345679012345678,0.012345679012345678,,,,,,0,0
160,63.332000000000015,106.48499999999999,-43.15299999999997,0,0.062,0,0.007,2,0,1,1,0,1,36809,0.015271605458110571,3749865.8062962964,0.024691358024691357,0,0.012345679012345678,,,,,,0,0
161,71.78800000000003,18.300999999999995,53.48700000000003,0,0.05566666666666667,0,0.356,7,0,6,1,6,0,26622,0.009024690836668015,3749865.7972716056,0.08641975308641975,0.07407407407407407,0,,,,,,0,0
162,105.63799999999999,4.342,101.29599999999999,0,0.05469565217391304,0,0.837,25,0,23,2,23,0,19348,0.046913580503314734,3749865.750358025,0.30864197530864196,0.2839506172839506,0,,,,,,0,0
163,119.72499999999998,3.944,115.78099999999998,0,0.05458974358974359,0,3.827,48,0,39,9,39,0,13081,0.16829629568383098,3749865.5820617294,0.5925925925925926,0.48148148148148145,0,,,,,,0,0
164,102.20599999999995,3.8930000000000002,98.31299999999995,0,0.054518518518518515,0,3.49,66,0,54,12,54,0,4650.999999999999,0.3216913598589599,3749865.2603703695,0.8148148148148148,0.6666666666666666,0,,,,,,0,0
165,85.20700000000001,2.933,82.274,0,0.054518518518518515,0,3.54,71,0,54,17,54,0,2414,0.4221728378906846,3749864.8381975316,0.8765432098765432,0.6666666666666666,0,,,,,,0,0
166,72.259,2.628,69.631,0,0.05452941176470588,0,4.232,76,0,51,25,51,0,0,0.42930864403024316,3749864.4088888876,0.9382716049382716,0.6296296296296297,0,,,,,,0,0
167,64.257,1.546,62.711000000000006,0,0.05450793650793651,0,2.774,78,0,63,15,63,0,0,0.42797530721873045,3749863.9809135804,0.9629629629629629,0.7777777777777778,0,,,,,,0,0
168,55.897,0.297,55.6,0,0.05454545454545454,0,3.446,78,0,44,34,44,0,0,0.4776049377396703,3749863.5033086427,0.9629629629629629,0.5432098765432098,0,8.419753086419753,0.06172839506172839,5.504074071999639,5.604938271604937,0,0,0
169,54.33200000000001,0.004,54.32800000000001,0,0.0545,0,2.045,79,0,60,19,60,0,0,0.38290123641490936,3749863.1204074062,0.9753086419753086,0.7407407407407407,0,,,,,,0,0