localminute,use,gen,grid
2017-01-01 00:00:00-06,0.43965,0.0,0.43965
2017-01-01 01:00:00-06,0.5421666666666666,0.0,0.5421666666666666
2017-01-01 02:00:00-06,0.5447166666666666,0.0,0.5447166666666666
2017-01-01 03:00:00-06,0.43136666666666656,0.0,0.43136666666666656
2017-01-01 04:00:00-06,0.1754,0.0,0.1754
2017-01-01 05:00:00-06,0.18913333333333326,0.0,0.18913333333333326
2017-01-01 06:00:00-06,0.18618333333333328,0.0,0.18618333333333328
2017-01-01 07:00:00-06,0.2934333333333333,0.00695,0.2811833333333333
2017-01-01 08:00:00-06,0.8438666666666667,0.1703333333333333,0.6735333333333332
2017-01-01 09:00:00-06,0.9492333333333332,0.70445,0.2448166666666666
2017-01-01 10:00:00-06,0.67815,1.2357166666666668,-0.5575833333333332
2017-01-01 11:00:00-06,0.27505,1.7271166666666669,-1.452
2017-01-01 12:00:00-06,0.3335833333333333,2.30075,-1.9671666666666667
2017-01-01 13:00:00-06,0.2822666666666666,2.598466666666667,-2.31625
2017-01-01 14:00:00-06,0.27465,2.588833333333333,-2.3141
2017-01-01 15:00:00-06,0.2754833333333333,2.043083333333333,-1.7676
2017-01-01 16:00:00-06,0.2382,1.1608333333333332,-0.9226333333333332
2017-01-01 17:00:00-06,0.31095,0.2274833333333333,0.07693333333333333
2017-01-01 18:00:00-06,0.5219166666666666,0.0,0.5219166666666666
2017-01-01 19:00:00-06,0.6081333333333332,0.0,0.6081333333333332
2017-01-01 20:00:00-06,0.6301333333333332,0.0,0.6301333333333332
2017-01-01 21:00:00-06,0.7048833333333332,0.0,0.7048833333333332
2017-01-01 22:00:00-06,0.44076666666666653,0.0,0.44076666666666653
2017-01-01 23:00:00-06,0.3947333333333333,0.0,0.3947333333333333
2017-01-02 00:00:00-06,0.2933166666666666,0.0,0.2933166666666666
2017-01-02 01:00:00-06,0.2591,0.0,0.2591
2017-01-02 02:00:00-06,0.3066166666666666,0.0,0.3066166666666666
2017-01-02 03:00:00-06,0.18585,0.0,0.18585
2017-01-02 04:00:00-06,0.19073333333333328,0.0,0.19073333333333328
2017-01-02 05:00:00-06,0.4150833333333333,0.0,0.4150833333333333
2017-01-02 06:00:00-06,0.6905833333333332,0.0,0.6905833333333332
2017-01-02 07:00:00-06,0.6435166666666666,0.00903333333333333,0.6305333333333332
2017-01-02 08:00:00-06,0.2780166666666666,0.5062,-0.2283
2017-01-02 09:00:00-06,0.35745,0.8651666666666666,-0.5077
2017-01-02 10:00:00-06,0.3934166666666665,1.3188,-0.9254333333333332
2017-01-02 11:00:00-06,0.5070666666666666,2.0018,-1.4947166666666667
2017-01-02 12:00:00-06,0.3191666666666666,2.5612666666666666,-2.2420166666666668
2017-01-02 13:00:00-06,0.3040166666666666,2.7788,-2.474816666666667
2017-01-02 14:00:00-06,0.3020666666666666,2.7616666666666667,-2.4595333333333333
2017-01-02 15:00:00-06,0.31105,2.2288666666666668,-1.9179333333333333
2017-01-02 16:00:00-06,0.2903166666666666,1.3785166666666668,-1.0882
2017-01-02 17:00:00-06,0.2533666666666666,0.39626666666666654,-0.1472333333333333
2017-01-02 18:00:00-06,0.2795166666666666,0.0,0.2795
2017-01-02 19:00:00-06,0.43825,0.0,0.43825
2017-01-02 20:00:00-06,0.59755,0.0,0.59755
2017-01-02 21:00:00-06,0.4162,0.0,0.4162
2017-01-02 22:00:00-06,0.2433333333333333,0.0,0.2433333333333333
2017-01-02 23:00:00-06,0.2015333333333333,0.0,0.2015333333333333
2017-01-03 00:00:00-06,0.14735,0.0,0.14735
2017-01-03 01:00:00-06,0.1694833333333333,0.0,0.1694833333333333
2017-01-03 02:00:00-06,0.16211666666666666,0.0,0.16211666666666666
2017-01-03 03:00:00-06,0.15546666666666664,0.0,0.15546666666666664
2017-01-03 04:00:00-06,0.12621666666666664,0.0,0.12621666666666664
2017-01-03 05:00:00-06,0.16161666666666666,0.0,0.16161666666666666
2017-01-03 06:00:00-06,0.4151666666666666,0.0,0.4151666666666666
2017-01-03 07:00:00-06,1.4205666666666668,0.029683333333333332,1.3887166666666668
2017-01-03 08:00:00-06,1.0648333333333333,0.4996666666666666,0.5651
2017-01-03 09:00:00-06,0.98575,0.91525,0.07058333333333333
2017-01-03 10:00:00-06,0.5209666666666666,1.2880166666666668,-0.76705
2017-01-03 11:00:00-06,2.892783333333333,1.9473833333333332,0.9453833333333332
2017-01-03 12:00:00-06,0.4904166666666666,2.44375,-1.9533166666666668
2017-01-03 13:00:00-06,1.6141,2.5172166666666667,-0.9031166666666666
2017-01-03 14:00:00-06,0.9809333333333332,2.587416666666667,-1.6064833333333333
2017-01-03 15:00:00-06,0.2845666666666666,2.131616666666667,-1.84705
2017-01-03 16:00:00-06,0.5499666666666666,1.29325,-0.7433333333333331
2017-01-03 17:00:00-06,0.44696666666666657,0.32545,0.1171833333333333
2017-01-03 18:00:00-06,0.3433166666666666,0.0,0.3433166666666666
2017-01-03 19:00:00-06,0.40845,0.0,0.40845
2017-01-03 20:00:00-06,0.22121666666666664,0.0,0.22121666666666664
2017-01-03 21:00:00-06,0.2626833333333333,0.0,0.2626833333333333
2017-01-03 22:00:00-06,0.7308,0.0,0.7308
2017-01-03 23:00:00-06,1.6361,0.0,1.6361
2017-01-04 00:00:00-06,1.4356666666666669,0.0,1.4356666666666669
2017-01-04 01:00:00-06,0.566,0.0,0.566
2017-01-04 02:00:00-06,0.19731666666666664,0.0,0.19731666666666664
2017-01-04 03:00:00-06,0.2166,0.0,0.2166
2017-01-04 04:00:00-06,0.18538333333333326,0.0,0.18538333333333326
2017-01-04 05:00:00-06,0.16445,0.0,0.16445
2017-01-04 06:00:00-06,0.33555,0.0,0.33555
2017-01-04 07:00:00-06,1.59645,0.005366666666666666,1.5887666666666669
2017-01-04 08:00:00-06,1.4198,0.2609166666666666,1.1589
2017-01-04 09:00:00-06,0.51565,0.6147,-0.0991
2017-01-04 10:00:00-06,0.5175,0.9371166666666664,-0.4196666666666666
2017-01-04 11:00:00-06,0.9273666666666665,0.7400166666666665,0.18743333333333329
2017-01-04 12:00:00-06,0.6360833333333332,0.6309333333333332,0.0052
2017-01-04 13:00:00-06,0.2089,0.9425166666666664,-0.7336166666666665
2017-01-04 14:00:00-06,0.2331333333333333,1.6096166666666667,-1.3764666666666667
2017-01-04 15:00:00-06,0.2417666666666666,1.74845,-1.5065833333333332
2017-01-04 16:00:00-06,0.2138,0.8552166666666666,-0.64155
2017-01-04 17:00:00-06,0.5848,0.0226,0.55355
2017-01-04 18:00:00-06,1.07385,0.0,1.07385
2017-01-04 19:00:00-06,0.83805,0.0,0.83805
2017-01-04 20:00:00-06,0.7292,0.0,0.7292
2017-01-04 21:00:00-06,0.5562333333333332,0.0,0.5562333333333332
2017-01-04 22:00:00-06,0.52505,0.0,0.52505
2017-01-04 23:00:00-06,0.22373333333333328,0.0,0.22373333333333328
2017-01-05 00:00:00-06,0.2202,0.0,0.2202
2017-01-05 01:00:00-06,0.1448833333333333,0.0,0.1448833333333333
2017-01-05 02:00:00-06,0.18551666666666666,0.0,0.18551666666666666
2017-01-05 03:00:00-06,0.1851,0.0,0.1851
2017-01-05 04:00:00-06,0.4582,0.0,0.4582
2017-01-05 05:00:00-06,0.7132833333333332,0.0,0.7132833333333332
2017-01-05 06:00:00-06,0.5646666666666667,0.0,0.5646666666666667
2017-01-05 07:00:00-06,0.15955,0.005533333333333333,0.14816666666666664
2017-01-05 08:00:00-06,0.11906666666666665,0.24635,-0.1273
2017-01-05 09:00:00-06,0.18125,0.24415,-0.06281666666666666
2017-01-05 10:00:00-06,0.9095666666666666,0.4881166666666666,0.42146666666666655
2017-01-05 11:00:00-06,0.9414666666666665,1.320366666666667,-0.3789333333333333
2017-01-05 12:00:00-06,0.40215,1.0374,-0.6352166666666667
2017-01-05 13:00:00-06,0.2899,1.5299166666666668,-1.2400666666666669
2017-01-05 14:00:00-06,0.11856666666666665,1.0538166666666668,-0.93535
2017-01-05 15:00:00-06,0.1611833333333333,1.1414833333333332,-0.9802
2017-01-05 16:00:00-06,0.1593,0.3946333333333333,-0.2353666666666666
2017-01-05 17:00:00-06,0.19225,0.0474,0.13461666666666666
2017-01-05 18:00:00-06,0.2478166666666666,0.0,0.2478166666666666
2017-01-05 19:00:00-06,0.2621666666666666,0.0,0.2621666666666666
2017-01-05 20:00:00-06,0.3113666666666666,0.0,0.3113666666666666
2017-01-05 21:00:00-06,1.4668333333333332,0.0,1.4668333333333332
2017-01-05 22:00:00-06,0.93125,0.0,0.93125
2017-01-05 23:00:00-06,0.84195,0.0,0.84195
2017-01-06 00:00:00-06,0.9546833333333332,0.0,0.9546833333333332
2017-01-06 01:00:00-06,0.2315833333333333,0.0,0.2315833333333333
2017-01-06 02:00:00-06,0.2891166666666666,0.0,0.2891166666666666
2017-01-06 03:00:00-06,0.2399166666666666,0.0,0.2399166666666666
2017-01-06 04:00:00-06,0.18861666666666665,0.0,0.18861666666666665
2017-01-06 05:00:00-06,0.1468,0.0,0.1468
2017-01-06 06:00:00-06,0.1912,0.0,0.1912
2017-01-06 07:00:00-06,0.1296,0.0,0.12935
2017-01-06 08:00:00-06,1.0656,0.09148333333333332,0.97415
2017-01-06 09:00:00-06,1.3694166666666667,0.2459333333333333,1.12355
2017-01-06 10:00:00-06,0.8833333333333331,0.2957833333333333,0.5875333333333332
2017-01-06 11:00:00-06,0.8273166666666666,0.52805,0.2993166666666666
2017-01-06 12:00:00-06,1.0066833333333332,0.6020166666666666,0.4046
2017-01-06 13:00:00-06,0.9690166666666664,0.8095833333333331,0.1594
2017-01-06 14:00:00-06,0.6893,0.5927166666666666,0.09666666666666664
2017-01-06 15:00:00-06,0.6876,0.2779666666666666,0.4096
2017-01-06 16:00:00-06,0.6859833333333332,0.1840833333333333,0.5018833333333332
2017-01-06 17:00:00-06,0.40166666666666656,0.19481666666666664,0.2012
2017-01-06 18:00:00-06,0.4836833333333332,0.0,0.4836833333333332
2017-01-06 19:00:00-06,0.8382666666666666,0.0,0.8382666666666666
2017-01-06 20:00:00-06,0.99555,0.0,0.99555
2017-01-06 21:00:00-06,0.7139,0.0,0.7139
2017-01-06 22:00:00-06,0.3329,0.0,0.3329
2017-01-06 23:00:00-06,0.3336333333333333,0.0,0.3336333333333333
2017-01-07 00:00:00-06,0.7594,0.0,0.7594
2017-01-07 01:00:00-06,0.73065,0.0,0.73065
2017-01-07 02:00:00-06,0.6980833333333332,0.0,0.6980833333333332
2017-01-07 03:00:00-06,0.7294666666666665,0.0,0.7294666666666665
2017-01-07 04:00:00-06,0.2613833333333333,0.0,0.2613833333333333
2017-01-07 05:00:00-06,0.1325,0.0,0.1325
2017-01-07 06:00:00-06,0.18873333333333328,0.0,0.18873333333333328
2017-01-07 07:00:00-06,0.3870833333333333,0.01243333333333333,0.3705833333333333
2017-01-07 08:00:00-06,0.9637,0.5416,0.4220333333333333
2017-01-07 09:00:00-06,0.8437833333333331,0.9866,-0.14291666666666664
2017-01-07 10:00:00-06,0.9646166666666663,1.4804,-0.5158666666666666
2017-01-07 11:00:00-06,0.9046666666666666,2.222433333333333,-1.3176333333333332
2017-01-07 12:00:00-06,0.8844333333333331,2.791666666666667,-1.9071833333333332
2017-01-07 13:00:00-06,0.8869833333333331,3.076366666666667,-2.189566666666667
2017-01-07 14:00:00-06,0.8557333333333331,3.0651333333333333,-2.2094
2017-01-07 15:00:00-06,0.47795,2.5909666666666666,-2.113083333333333
2017-01-07 16:00:00-06,0.1369,1.55935,-1.42235
2017-01-07 17:00:00-06,0.1413333333333333,0.5131166666666666,-0.37695
2017-01-07 18:00:00-06,0.16151666666666664,0.0,0.16151666666666664
2017-01-07 19:00:00-06,0.1454833333333333,0.0,0.1454833333333333
2017-01-07 20:00:00-06,0.1270833333333333,0.0,0.1270833333333333
2017-01-07 21:00:00-06,0.9261333333333333,0.0,0.9261333333333333
2017-01-07 22:00:00-06,0.9742166666666664,0.0,0.9742166666666664
2017-01-07 23:00:00-06,0.85915,0.0,0.85915
2017-01-08 00:00:00-06,0.8114333333333331,0.0,0.8114333333333331
2017-01-08 01:00:00-06,0.42961666666666654,0.0,0.42961666666666654
2017-01-08 02:00:00-06,0.20801666666666666,0.0,0.20801666666666666
2017-01-08 03:00:00-06,0.20268333333333327,0.0,0.20268333333333327
2017-01-08 04:00:00-06,0.2825833333333333,0.0,0.2825833333333333
2017-01-08 05:00:00-06,0.2663333333333333,0.0,0.2663333333333333
2017-01-08 06:00:00-06,0.20446666666666666,0.0,0.20446666666666666
2017-01-08 07:00:00-06,1.01605,0.01415,0.9994666666666664
2017-01-08 08:00:00-06,1.1413666666666669,0.5258666666666666,0.6154833333333332
2017-01-08 09:00:00-06,1.23255,0.95255,0.2801166666666666
2017-01-08 10:00:00-06,0.9549666666666664,1.4627666666666668,-0.5078833333333332
2017-01-08 11:00:00-06,1.0186,2.175883333333333,-1.1573666666666669
2017-01-08 12:00:00-06,0.9006666666666666,2.724416666666667,-1.8238333333333332
2017-01-08 13:00:00-06,0.5901333333333332,3.00975,-2.4195
2017-01-08 14:00:00-06,0.2613333333333333,2.9562166666666667,-2.6948
2017-01-08 15:00:00-06,0.3082833333333333,2.4696,-2.161366666666667
2017-01-08 16:00:00-06,0.3366666666666666,1.421266666666667,-1.0847166666666668
2017-01-08 17:00:00-06,0.6179833333333332,0.3503333333333333,0.2632333333333333
2017-01-08 18:00:00-06,2.6521833333333333,0.0,2.6506166666666666
2017-01-08 19:00:00-06,2.3075666666666668,0.0,2.3065333333333333
2017-01-08 20:00:00-06,2.64145,0.0,2.6402
2017-01-08 21:00:00-06,0.2179,0.0,0.2179
2017-01-08 22:00:00-06,0.2306333333333333,0.0,0.2306333333333333
2017-01-08 23:00:00-06,0.2459166666666666,0.0,0.2459166666666666
2017-01-09 00:00:00-06,0.2852,0.0,0.2852
2017-01-09 01:00:00-06,1.64125,0.0,1.6407166666666668
2017-01-09 02:00:00-06,0.7803,0.0,0.7803
2017-01-09 03:00:00-06,0.7471166666666667,0.0,0.7471166666666667
2017-01-09 04:00:00-06,0.7251166666666665,0.0,0.7251166666666665
2017-01-09 05:00:00-06,0.3353333333333333,0.0,0.3353333333333333
2017-01-09 06:00:00-06,0.3524166666666666,0.0,0.3524166666666666
2017-01-09 07:00:00-06,0.2141,0.0,0.21151666666666666
2017-01-09 08:00:00-06,0.1427,0.1816833333333333,-0.03903333333333332
2017-01-09 09:00:00-06,0.2224333333333333,0.6503833333333332,-0.4280333333333333
2017-01-09 10:00:00-06,0.5357166666666666,1.3494666666666668,-0.8138833333333331
2017-01-09 11:00:00-06,0.3354333333333333,1.7279833333333332,-1.3925333333333332
2017-01-09 12:00:00-06,0.7064166666666666,1.5568666666666668,-0.8503666666666666
2017-01-09 13:00:00-06,0.8239,1.2545666666666668,-0.43065
2017-01-09 14:00:00-06,0.36483333333333323,1.9224666666666668,-1.5575333333333332
2017-01-09 15:00:00-06,0.23615,2.2476,-2.0115
2017-01-09 16:00:00-06,0.19218333333333326,1.3715,-1.17925
2017-01-09 17:00:00-06,0.1382833333333333,0.40695,-0.27295
2017-01-09 18:00:00-06,0.17165,0.0,0.1716333333333333
2017-01-09 19:00:00-06,0.1654,0.0,0.1654
2017-01-09 20:00:00-06,0.25525,0.0,0.25525
2017-01-09 21:00:00-06,0.5936,0.0,0.5936
2017-01-09 22:00:00-06,0.5121166666666666,0.0,0.5121166666666666
2017-01-09 23:00:00-06,0.8329333333333331,0.0,0.8329333333333331
2017-01-10 00:00:00-06,0.8443,0.0,0.8443
2017-01-10 01:00:00-06,0.3598,0.0,0.3598
2017-01-10 02:00:00-06,0.3308666666666666,0.0,0.3308666666666666
2017-01-10 03:00:00-06,0.4247166666666666,0.0,0.4247166666666666
2017-01-10 04:00:00-06,0.43546666666666656,0.0,0.43546666666666656
2017-01-10 05:00:00-06,0.3822333333333333,0.0,0.3822333333333333
2017-01-10 06:00:00-06,0.52545,0.0,0.52545
2017-01-10 07:00:00-06,0.43591666666666656,0.0,0.433
2017-01-10 08:00:00-06,0.36956666666666654,0.22021666666666664,0.14941666666666664
2017-01-10 09:00:00-06,0.37751666666666656,0.96715,-0.5896833333333332
2017-01-10 10:00:00-06,0.2656166666666666,1.1745666666666668,-0.9088833333333332
2017-01-10 11:00:00-06,0.2867,1.97365,-1.6869333333333332
2017-01-10 12:00:00-06,0.28475,2.398333333333333,-2.113566666666667
2017-01-10 13:00:00-06,0.4527666666666666,2.752,-2.2992833333333333
2017-01-10 14:00:00-06,0.4251833333333333,2.68885,-2.2636166666666666
2017-01-10 15:00:00-06,0.28915,2.2854666666666668,-1.9962666666666669
2017-01-10 16:00:00-06,0.3257,1.34265,-1.0169166666666667
2017-01-10 17:00:00-06,0.2645666666666666,0.328,-0.06583333333333333
2017-01-10 18:00:00-06,0.2355666666666666,0.0,0.2355666666666666
2017-01-10 19:00:00-06,0.3020833333333333,0.0,0.3020833333333333
2017-01-10 20:00:00-06,0.18831666666666666,0.0,0.18831666666666666
2017-01-10 21:00:00-06,0.44196666666666656,0.0,0.44196666666666656
2017-01-10 22:00:00-06,0.6114666666666666,0.0,0.6114666666666666
2017-01-10 23:00:00-06,0.3705,0.0,0.3705
2017-01-11 00:00:00-06,0.20738333333333328,0.0,0.20738333333333328
2017-01-11 01:00:00-06,0.20148333333333326,0.0,0.20148333333333326
2017-01-11 02:00:00-06,0.2014,0.0,0.2014
2017-01-11 03:00:00-06,0.1533333333333333,0.0,0.1533333333333333
2017-01-11 04:00:00-06,0.18356666666666663,0.0,0.18356666666666663
2017-01-11 05:00:00-06,0.19348333333333328,0.0,0.19348333333333328
2017-01-11 06:00:00-06,0.19171666666666665,0.0,0.19171666666666665
2017-01-11 07:00:00-06,0.1491,0.0,0.1491
2017-01-11 08:00:00-06,0.4758166666666666,0.04238333333333333,0.4333333333333333
2017-01-11 09:00:00-06,1.2274333333333332,0.2728833333333333,0.9546166666666664
2017-01-11 10:00:00-06,0.4744333333333332,0.7536,-0.2792
2017-01-11 11:00:00-06,0.2884,1.1638666666666668,-0.8754666666666666
2017-01-11 12:00:00-06,0.5222333333333332,1.2272,-0.7049833333333332
2017-01-11 13:00:00-06,0.2957,1.6097,-1.3140333333333332
2017-01-11 14:00:00-06,0.26805,2.152066666666667,-1.8839333333333332
2017-01-11 15:00:00-06,0.3437833333333333,2.26565,-1.9219
2017-01-11 16:00:00-06,0.3700333333333333,1.2497,-0.8796166666666666
2017-01-11 17:00:00-06,0.25095,0.29015,-0.04315
2017-01-11 18:00:00-06,0.2992,0.0,0.2992
2017-01-11 19:00:00-06,0.3010666666666666,0.0,0.3010666666666666
2017-01-11 20:00:00-06,0.19495,0.0,0.19495
2017-01-11 21:00:00-06,0.22226666666666664,0.0,0.22226666666666664
2017-01-11 22:00:00-06,0.23445,0.0,0.23445
2017-01-11 23:00:00-06,0.2274,0.0,0.2274
2017-01-12 00:00:00-06,0.17146666666666666,0.0,0.17146666666666666
2017-01-12 01:00:00-06,0.1669333333333333,0.0,0.1669333333333333
2017-01-12 02:00:00-06,0.18716666666666665,0.0,0.18716666666666665
2017-01-12 03:00:00-06,0.18666666666666665,0.0,0.18666666666666665
2017-01-12 04:00:00-06,0.18691666666666665,0.0,0.18691666666666665
2017-01-12 05:00:00-06,0.18703333333333327,0.0,0.18703333333333327
2017-01-12 06:00:00-06,0.18491666666666665,0.0,0.18491666666666665
2017-01-12 07:00:00-06,0.2539666666666666,0.00245,0.2458166666666666
2017-01-12 08:00:00-06,0.5376833333333332,0.30015,0.23755
2017-01-12 09:00:00-06,0.3632,0.47055,-0.1073
2017-01-12 10:00:00-06,0.35545,0.7005166666666666,-0.34515
2017-01-12 11:00:00-06,0.36318333333333325,1.17015,-0.80695
2017-01-12 12:00:00-06,0.41336666666666655,1.08255,-0.6691833333333332
2017-01-12 13:00:00-06,0.2950666666666666,1.3528666666666669,-1.05785
2017-01-12 14:00:00-06,0.17111666666666664,0.9101833333333332,-0.7391166666666666
2017-01-12 15:00:00-06,0.1548833333333333,1.1438,-0.9888666666666664
2017-01-12 16:00:00-06,0.1539333333333333,0.5543,-0.4003333333333333
2017-01-12 17:00:00-06,0.1564333333333333,0.14616666666666664,0.005383333333333333
2017-01-12 18:00:00-06,0.1582,0.0,0.1582
2017-01-12 19:00:00-06,0.1541,0.0,0.1541
2017-01-12 20:00:00-06,0.14326666666666665,0.0,0.14326666666666665
2017-01-12 21:00:00-06,0.4738833333333332,0.0,0.4738833333333332
2017-01-12 22:00:00-06,0.44396666666666657,0.0,0.44396666666666657
2017-01-12 23:00:00-06,0.3221,0.0,0.3221
2017-01-13 00:00:00-06,0.8656333333333331,0.0,0.8656333333333331
2017-01-13 01:00:00-06,0.31895,0.0,0.31895
2017-01-13 02:00:00-06,0.22285,0.0,0.22285
2017-01-13 03:00:00-06,0.2269,0.0,0.2269
2017-01-13 04:00:00-06,0.2243,0.0,0.2243
2017-01-13 05:00:00-06,0.22238333333333327,0.0,0.22238333333333327
2017-01-13 06:00:00-06,0.4493666666666665,0.0,0.4493666666666665
2017-01-13 07:00:00-06,0.9010833333333332,0.0,0.9010833333333332
2017-01-13 08:00:00-06,0.44995,0.1561,0.2904
2017-01-13 09:00:00-06,0.2802,0.53615,-0.2561166666666666
2017-01-13 10:00:00-06,0.2844,0.6864333333333332,-0.40195
2017-01-13 11:00:00-06,0.3158166666666666,1.3733166666666667,-1.0575166666666669
2017-01-13 12:00:00-06,0.3277166666666666,1.6789166666666668,-1.3512166666666667
2017-01-13 13:00:00-06,0.2591833333333333,0.7131,-0.4539333333333333
2017-01-13 14:00:00-06,0.1824833333333333,0.7628666666666666,-0.5804
2017-01-13 15:00:00-06,0.1612333333333333,0.6266,-0.4652666666666666
2017-01-13 16:00:00-06,0.1444,0.3623,-0.21786666666666665
2017-01-13 17:00:00-06,0.17051666666666665,0.04536666666666666,0.1185833333333333
2017-01-13 18:00:00-06,0.2376666666666666,0.0,0.2376666666666666
2017-01-13 19:00:00-06,0.27175,0.0,0.27175
2017-01-13 20:00:00-06,0.2712666666666666,0.0,0.2712666666666666
2017-01-13 21:00:00-06,0.4131,0.0,0.4131
2017-01-13 22:00:00-06,0.79835,0.0,0.79835
2017-01-13 23:00:00-06,0.8760666666666665,0.0,0.8760666666666665
2017-01-14 00:00:00-06,0.43075,0.0,0.43075
2017-01-14 01:00:00-06,0.40391666666666654,0.0,0.40391666666666654
2017-01-14 02:00:00-06,0.4115833333333333,0.0,0.4115833333333333
2017-01-14 03:00:00-06,0.19933333333333328,0.0,0.19933333333333328
2017-01-14 04:00:00-06,0.19738333333333327,0.0,0.19738333333333327
2017-01-14 05:00:00-06,0.1958,0.0,0.1958
2017-01-14 06:00:00-06,0.19441666666666665,0.0,0.19441666666666665
2017-01-14 07:00:00-06,0.20528333333333326,0.0,0.20528333333333326
2017-01-14 08:00:00-06,0.6198333333333332,0.0406,0.57755
2017-01-14 09:00:00-06,0.5179166666666666,0.1927,0.32515
2017-01-14 10:00:00-06,0.7775166666666666,0.35075,0.4266833333333333
2017-01-14 11:00:00-06,0.8877,0.5662166666666666,0.3215
2017-01-14 12:00:00-06,0.4195333333333333,0.6283333333333332,-0.2089
2017-01-14 13:00:00-06,0.1666,0.47955,-0.313
2017-01-14 14:00:00-06,0.1661833333333333,0.4613333333333332,-0.2951
2017-01-14 15:00:00-06,0.1547833333333333,0.38331666666666653,-0.2284333333333333
2017-01-14 16:00:00-06,0.13536666666666666,0.3042166666666666,-0.1688333333333333
2017-01-14 17:00:00-06,0.1717333333333333,0.01195,0.1516
2017-01-14 18:00:00-06,0.18136666666666662,0.0,0.18136666666666662
2017-01-14 19:00:00-06,1.1366,0.0,1.1366
2017-01-14 20:00:00-06,0.9872,0.0,0.9872
2017-01-14 21:00:00-06,0.4977666666666666,0.0,0.4977666666666666
2017-01-14 22:00:00-06,0.21138333333333328,0.0,0.21138333333333328
2017-01-14 23:00:00-06,0.18356666666666663,0.0,0.18356666666666663
2017-01-15 00:00:00-06,0.4821166666666666,0.0,0.4821166666666666
2017-01-15 01:00:00-06,0.7761,0.0,0.7761
2017-01-15 02:00:00-06,0.9337833333333332,0.0,0.9337833333333332
2017-01-15 03:00:00-06,0.4706166666666666,0.0,0.4706166666666666
2017-01-15 04:00:00-06,0.19481666666666664,0.0,0.19481666666666664
2017-01-15 05:00:00-06,0.1827333333333333,0.0,0.1827333333333333
2017-01-15 06:00:00-06,0.18725,0.0,0.18725
2017-01-15 07:00:00-06,0.27455,0.0,0.27455
2017-01-15 08:00:00-06,1.0722166666666668,0.03685,1.0345166666666668
2017-01-15 09:00:00-06,0.5634333333333332,0.2718666666666666,0.2915166666666666
2017-01-15 10:00:00-06,0.4166,0.3815333333333333,0.03505
2017-01-15 11:00:00-06,0.3548666666666666,0.3109333333333333,0.043866666666666665
2017-01-15 12:00:00-06,0.5403333333333332,0.5039833333333332,0.03641666666666666
2017-01-15 13:00:00-06,0.3628833333333332,0.6423833333333332,-0.2795
2017-01-15 14:00:00-06,0.30285,1.4664166666666667,-1.16355
2017-01-15 15:00:00-06,0.3628,0.9019166666666666,-0.5391
2017-01-15 16:00:00-06,0.3506833333333333,0.57745,-0.2267833333333333
2017-01-15 17:00:00-06,0.5913166666666666,0.015916666666666666,0.5715166666666666
2017-01-15 18:00:00-06,0.6766833333333332,0.0,0.6766833333333332
2017-01-15 19:00:00-06,0.8598333333333331,0.0,0.8598333333333331
2017-01-15 20:00:00-06,0.74705,0.0,0.74705
2017-01-15 21:00:00-06,0.6690833333333333,0.0,0.6690833333333333
2017-01-15 22:00:00-06,0.5413833333333332,0.0,0.5413833333333332
2017-01-15 23:00:00-06,0.21905,0.0,0.21905
2017-01-16 00:00:00-06,0.2481166666666666,0.0,0.2481166666666666
2017-01-16 01:00:00-06,0.3072,0.0,0.3072
2017-01-16 02:00:00-06,0.21941666666666665,0.0,0.21941666666666665
2017-01-16 03:00:00-06,0.21661666666666665,0.0,0.21661666666666665
2017-01-16 04:00:00-06,0.20621666666666666,0.0,0.20621666666666666
2017-01-16 05:00:00-06,0.1954833333333333,0.0,0.1954833333333333
2017-01-16 06:00:00-06,0.19343333333333326,0.0,0.19343333333333326
2017-01-16 07:00:00-06,0.2093,0.0,0.2093
2017-01-16 08:00:00-06,0.4663166666666666,0.0075,0.45235
2017-01-16 09:00:00-06,1.0217166666666668,0.10333333333333332,0.9184166666666665
2017-01-16 10:00:00-06,0.96535,0.4920333333333332,0.4733333333333332
2017-01-16 11:00:00-06,0.3177333333333333,0.5861333333333332,-0.26845
2017-01-16 12:00:00-06,0.2926,0.7085666666666666,-0.4160333333333333
2017-01-16 13:00:00-06,0.3221166666666666,1.7408,-1.4186333333333332
2017-01-16 14:00:00-06,0.287,0.7724333333333331,-0.4855
2017-01-16 15:00:00-06,0.2778166666666666,0.3109666666666666,-0.03308333333333333
2017-01-16 16:00:00-06,0.3586666666666666,0.1773833333333333,0.18121666666666664
2017-01-16 17:00:00-06,2.944433333333333,0.00405,2.9347166666666666
2017-01-16 18:00:00-06,1.0308166666666667,0.0,1.0306833333333332
2017-01-16 19:00:00-06,2.1816833333333334,0.0,2.1808
2017-01-16 20:00:00-06,0.82535,0.0,0.8251166666666666
2017-01-16 21:00:00-06,0.2937,0.0,0.2937
2017-01-16 22:00:00-06,0.2562333333333333,0.0,0.2562333333333333
2017-01-16 23:00:00-06,0.22201666666666664,0.0,0.22201666666666664
2017-01-17 00:00:00-06,0.20753333333333326,0.0,0.20753333333333326
2017-01-17 01:00:00-06,0.1972333333333333,0.0,0.1972333333333333
2017-01-17 02:00:00-06,0.3240333333333333,0.0,0.3240333333333333
2017-01-17 03:00:00-06,0.8045333333333331,0.0,0.8045333333333331
2017-01-17 04:00:00-06,0.3848,0.0,0.3848
2017-01-17 05:00:00-06,0.18381666666666663,0.0,0.18381666666666663
2017-01-17 06:00:00-06,0.1833333333333333,0.0,0.1833333333333333
2017-01-17 07:00:00-06,0.1823,0.0,0.1823
2017-01-17 08:00:00-06,0.21525,0.0,0.21166666666666664
2017-01-17 09:00:00-06,0.4300333333333333,0.1091,0.3175
2017-01-17 10:00:00-06,0.4617833333333332,0.20683333333333329,0.255
2017-01-17 11:00:00-06,0.5124333333333332,0.2471666666666666,0.2652
2017-01-17 12:00:00-06,1.009183333333333,0.24755,0.761683333333333
2017-01-17 13:00:00-06,1.0686666666666669,0.32595,0.7427833333333331
2017-01-17 14:00:00-06,0.2049,0.3260333333333333,-0.1211
2017-01-17 15:00:00-06,0.1649,0.2987666666666666,-0.13386666666666666
2017-01-17 16:00:00-06,0.1649,0.07573333333333332,0.08905
2017-01-17 17:00:00-06,0.1802,0.0,0.18
2017-01-17 18:00:00-06,0.1628333333333333,0.0,0.1628333333333333
2017-01-17 19:00:00-06,0.1793333333333333,0.0,0.1793333333333333
2017-01-17 20:00:00-06,1.2040833333333332,0.0,1.2040833333333332
2017-01-17 21:00:00-06,1.2132666666666667,0.0,1.2132666666666667
2017-01-17 22:00:00-06,1.1494666666666669,0.0,1.1494666666666669
2017-01-17 23:00:00-06,0.60595,0.0,0.60595
2017-01-18 00:00:00-06,0.6646,0.0,0.6646
2017-01-18 01:00:00-06,0.3888,0.0,0.3888
2017-01-18 02:00:00-06,0.19271666666666665,0.0,0.19271666666666665
2017-01-18 03:00:00-06,0.19058333333333327,0.0,0.19058333333333327
2017-01-18 04:00:00-06,0.18508333333333327,0.0,0.18508333333333327
2017-01-18 05:00:00-06,0.17991666666666664,0.0,0.17991666666666664
2017-01-18 06:00:00-06,0.17031666666666664,0.0,0.17031666666666664
2017-01-18 07:00:00-06,0.2920833333333333,0.0,0.2920833333333333
2017-01-18 08:00:00-06,1.2367,0.0,1.2339
2017-01-18 09:00:00-06,1.1765166666666669,0.30405,0.8724666666666666
2017-01-18 10:00:00-06,0.9835166666666664,0.3811,0.60235
2017-01-18 11:00:00-06,0.4092333333333333,0.7529833333333331,-0.3438
2017-01-18 12:00:00-06,0.3346833333333333,0.6481333333333332,-0.3135
2017-01-18 13:00:00-06,0.4560166666666666,0.6475833333333332,-0.19173333333333328
2017-01-18 14:00:00-06,0.7812166666666666,0.4575833333333333,0.3236166666666666
2017-01-18 15:00:00-06,0.2880666666666666,0.29825,-0.01025
2017-01-18 16:00:00-06,0.15291666666666665,0.11721666666666665,0.03571666666666666
2017-01-18 17:00:00-06,0.1196833333333333,0.00765,0.10413333333333333
2017-01-18 18:00:00-06,0.2683333333333333,0.0,0.2683333333333333
2017-01-18 19:00:00-06,1.1381333333333332,0.0,1.1381333333333332
2017-01-18 20:00:00-06,1.0533,0.0,1.0533
2017-01-18 21:00:00-06,0.5311833333333332,0.0,0.5311833333333332
2017-01-18 22:00:00-06,0.21273333333333327,0.0,0.21273333333333327
2017-01-18 23:00:00-06,0.2305,0.0,0.2305
2017-01-19 00:00:00-06,0.2314,0.0,0.2314
2017-01-19 01:00:00-06,0.6806333333333332,0.0,0.6806333333333332
2017-01-19 02:00:00-06,0.3219333333333333,0.0,0.3219333333333333
2017-01-19 03:00:00-06,0.18633333333333327,0.0,0.18633333333333327
2017-01-19 04:00:00-06,0.1518833333333333,0.0,0.1518833333333333
2017-01-19 05:00:00-06,0.18846666666666664,0.0,0.18846666666666664
2017-01-19 06:00:00-06,0.18923333333333328,0.0,0.18923333333333328
2017-01-19 07:00:00-06,0.17315,0.0,0.17315
2017-01-19 08:00:00-06,0.20346666666666666,0.09455,0.1057
2017-01-19 09:00:00-06,0.7613333333333331,0.22755,0.5338
2017-01-19 10:00:00-06,0.9031833333333332,0.6145166666666666,0.28865
2017-01-19 11:00:00-06,1.3602833333333333,1.6376166666666667,-0.2772833333333333
2017-01-19 12:00:00-06,0.7159166666666666,2.602983333333333,-1.887066666666667
2017-01-19 13:00:00-06,0.4120666666666665,2.88855,-2.47655
2017-01-19 14:00:00-06,0.1841333333333333,2.8904666666666667,-2.7063333333333333
2017-01-19 15:00:00-06,0.1593333333333333,2.5704,-2.4110666666666667
2017-01-19 16:00:00-06,0.1691833333333333,1.5962166666666668,-1.4269833333333333
2017-01-19 17:00:00-06,0.1593,0.49915,-0.34075
2017-01-19 18:00:00-06,0.1488,0.0,0.1488
2017-01-19 19:00:00-06,0.1438,0.0,0.1438
2017-01-19 20:00:00-06,0.1601333333333333,0.0,0.1601333333333333
2017-01-19 21:00:00-06,0.23505,0.0,0.23505
2017-01-19 22:00:00-06,0.6907166666666666,0.0,0.6907166666666666
2017-01-19 23:00:00-06,1.1755166666666668,0.0,1.1755166666666668
2017-01-20 00:00:00-06,0.5023666666666666,0.0,0.5023666666666666
2017-01-20 01:00:00-06,0.19266666666666665,0.0,0.19266666666666665
2017-01-20 02:00:00-06,0.17626666666666665,0.0,0.17626666666666665
2017-01-20 03:00:00-06,0.19268333333333326,0.0,0.19268333333333326
2017-01-20 04:00:00-06,0.19063333333333327,0.0,0.19063333333333327
2017-01-20 05:00:00-06,0.5793166666666666,0.0,0.5793166666666666
2017-01-20 06:00:00-06,0.72545,0.0,0.72545
2017-01-20 07:00:00-06,1.113983333333333,0.0,1.1120333333333332
2017-01-20 08:00:00-06,0.5166833333333332,0.2689833333333333,0.2477333333333333
2017-01-20 09:00:00-06,0.7085333333333332,0.5318666666666666,0.17676666666666666
2017-01-20 10:00:00-06,0.7637666666666666,1.124966666666667,-0.36123333333333324
2017-01-20 11:00:00-06,0.6246166666666666,1.9360333333333333,-1.3113333333333332
2017-01-20 12:00:00-06,0.4561833333333333,2.4092,-1.9529833333333333
2017-01-20 13:00:00-06,0.3881333333333333,2.616633333333333,-2.228483333333333
2017-01-20 14:00:00-06,0.2921333333333333,2.25735,-1.9652
2017-01-20 15:00:00-06,0.1596333333333333,2.163333333333333,-2.0037166666666666
2017-01-20 16:00:00-06,0.14861666666666665,1.49295,-1.34425
2017-01-20 17:00:00-06,0.14001666666666665,0.2359166666666666,-0.09615
2017-01-20 18:00:00-06,0.14565,0.0,0.1456333333333333
2017-01-20 19:00:00-06,0.4412833333333333,0.0,0.4412833333333333
2017-01-20 20:00:00-06,0.5291166666666666,0.0,0.5291166666666666
2017-01-20 21:00:00-06,0.775783333333333,0.0,0.775783333333333
2017-01-20 22:00:00-06,0.5211333333333332,0.0,0.5211333333333332
2017-01-20 23:00:00-06,0.34995,0.0,0.34995
2017-01-21 00:00:00-06,0.2640666666666666,0.0,0.2640666666666666
2017-01-21 01:00:00-06,0.22358333333333327,0.0,0.22358333333333327
2017-01-21 02:00:00-06,0.1996,0.0,0.1996
2017-01-21 03:00:00-06,0.18275,0.0,0.18275
2017-01-21 04:00:00-06,0.16066666666666665,0.0,0.16066666666666665
2017-01-21 05:00:00-06,0.1636,0.0,0.1636
2017-01-21 06:00:00-06,0.1815,0.0,0.1815
2017-01-21 07:00:00-06,0.5199666666666666,0.0,0.5198333333333331
2017-01-21 08:00:00-06,1.111716666666667,0.06166666666666666,1.05
2017-01-21 09:00:00-06,0.5252333333333332,0.3967833333333333,0.12851666666666664
2017-01-21 10:00:00-06,0.27875,1.11865,-0.8399666666666666
2017-01-21 11:00:00-06,0.2738666666666666,1.8611,-1.58735
2017-01-21 12:00:00-06,0.2339833333333333,2.487816666666667,-2.253816666666667
2017-01-21 13:00:00-06,0.11991666666666664,2.73,-2.610116666666667
2017-01-21 14:00:00-06,0.16211666666666666,2.3955,-2.23335
2017-01-21 15:00:00-06,0.158,0.93,-0.77205
2017-01-21 16:00:00-06,0.1475,0.4194333333333333,-0.2718833333333333
2017-01-21 17:00:00-06,0.1840333333333333,0.006233333333333333,0.17225
2017-01-21 18:00:00-06,0.2368666666666666,0.0,0.2368666666666666
2017-01-21 19:00:00-06,0.2986833333333333,0.0,0.2986833333333333
2017-01-21 20:00:00-06,0.8181,0.0,0.8181
2017-01-21 21:00:00-06,0.8260833333333331,0.0,0.8260833333333331
2017-01-21 22:00:00-06,0.6234166666666666,0.0,0.6234166666666666
2017-01-21 23:00:00-06,0.3320166666666666,0.0,0.3320166666666666
2017-01-22 00:00:00-06,0.2331333333333333,0.0,0.2331333333333333
2017-01-22 01:00:00-06,0.2280333333333333,0.0,0.2280333333333333
2017-01-22 02:00:00-06,0.22826666666666665,0.0,0.22826666666666665
2017-01-22 03:00:00-06,0.22895,0.0,0.22895
2017-01-22 04:00:00-06,0.5232166666666666,0.0,0.5232166666666666
2017-01-22 05:00:00-06,0.7330333333333332,0.0,0.7330333333333332
2017-01-22 06:00:00-06,0.6813666666666666,0.0,0.6813666666666666
2017-01-22 07:00:00-06,0.1928,0.008133333333333333,0.18021666666666664
2017-01-22 08:00:00-06,0.4423166666666665,0.44966666666666655,-0.0073
2017-01-22 09:00:00-06,0.7437833333333331,0.8752833333333331,-0.1315333333333333
2017-01-22 10:00:00-06,0.6178666666666666,1.39035,-0.77235
2017-01-22 11:00:00-06,0.44351666666666656,1.8294666666666668,-1.385916666666667
2017-01-22 12:00:00-06,0.3069833333333333,2.7036,-2.39665
2017-01-22 13:00:00-06,0.2621166666666666,3.0218,-2.759666666666667
2017-01-22 14:00:00-06,0.3706,3.025583333333333,-2.6550166666666666
2017-01-22 15:00:00-06,0.59235,2.729483333333333,-2.137283333333333
2017-01-22 16:00:00-06,0.35685,1.8,-1.4431166666666668
2017-01-22 17:00:00-06,0.2824166666666666,0.7507,-0.46855
2017-01-22 18:00:00-06,0.2429666666666666,0.0,0.24295
2017-01-22 19:00:00-06,0.3025666666666666,0.0,0.3025666666666666
2017-01-22 20:00:00-06,0.7729666666666666,0.0,0.7729666666666666
2017-01-22 21:00:00-06,0.5871666666666666,0.0,0.5871666666666666
2017-01-22 22:00:00-06,0.3111833333333333,0.0,0.3111833333333333
2017-01-22 23:00:00-06,0.6625833333333332,0.0,0.6625833333333332
2017-01-23 00:00:00-06,0.5178833333333333,0.0,0.5178833333333333
2017-01-23 01:00:00-06,0.21041666666666664,0.0,0.21041666666666664
2017-01-23 02:00:00-06,0.1885,0.0,0.1885
2017-01-23 03:00:00-06,0.18658333333333327,0.0,0.18658333333333327
2017-01-23 04:00:00-06,0.16891666666666666,0.0,0.16891666666666666
2017-01-23 05:00:00-06,0.1627833333333333,0.0,0.1627833333333333
2017-01-23 06:00:00-06,0.3639166666666666,0.0,0.3639166666666666
2017-01-23 07:00:00-06,0.7165,0.009483333333333331,0.70355
2017-01-23 08:00:00-06,0.6877833333333332,0.4793666666666666,0.20831666666666665
2017-01-23 09:00:00-06,0.8511166666666666,0.8621333333333331,-0.01108333333333333
2017-01-23 10:00:00-06,0.43535,1.321,-0.8857
2017-01-23 11:00:00-06,0.4824333333333332,2.0392,-1.5567833333333332
2017-01-23 12:00:00-06,0.3873666666666665,2.612683333333333,-2.2253
2017-01-23 13:00:00-06,0.3507,2.90935,-2.5587
2017-01-23 14:00:00-06,0.3069333333333333,2.9101833333333333,-2.6034
2017-01-23 15:00:00-06,0.3017166666666666,2.6296,-2.3278166666666666
2017-01-23 16:00:00-06,0.3839833333333333,1.738716666666667,-1.35475
2017-01-23 17:00:00-06,2.7340833333333334,0.73495,1.9990166666666669
2017-01-23 18:00:00-06,0.6728166666666666,0.0,0.6728166666666666
2017-01-23 19:00:00-06,1.8692333333333333,0.0,1.86865
2017-01-23 20:00:00-06,0.32615,0.0,0.32615
2017-01-23 21:00:00-06,0.2333333333333333,0.0,0.2333333333333333
2017-01-23 22:00:00-06,0.2221,0.0,0.2221
2017-01-23 23:00:00-06,0.1566833333333333,0.0,0.1566833333333333
2017-01-24 00:00:00-06,0.20081666666666664,0.0,0.20081666666666664
2017-01-24 01:00:00-06,0.2870833333333333,0.0,0.2870833333333333
2017-01-24 02:00:00-06,0.7233166666666665,0.0,0.7233166666666665
2017-01-24 03:00:00-06,0.7173166666666666,0.0,0.7173166666666666
2017-01-24 04:00:00-06,0.6754,0.0,0.6754
2017-01-24 05:00:00-06,0.19791666666666666,0.0,0.19791666666666666
2017-01-24 06:00:00-06,0.22085,0.0,0.22085
2017-01-24 07:00:00-06,0.18748333333333328,0.010416666666666666,0.17216666666666666
2017-01-24 08:00:00-06,0.3290166666666666,0.2743833333333333,0.05471666666666666
2017-01-24 09:00:00-06,0.8497166666666666,0.8324333333333331,0.01728333333333333
2017-01-24 10:00:00-06,0.2936,1.3020166666666668,-1.0084333333333333
2017-01-24 11:00:00-06,0.2989,2.05325,-1.7542666666666669
2017-01-24 12:00:00-06,0.2919333333333333,2.627966666666667,-2.336116666666667
2017-01-24 13:00:00-06,0.2959333333333333,2.901283333333333,-2.605383333333333
2017-01-24 14:00:00-06,0.2780666666666666,2.6708333333333334,-2.3926333333333334
2017-01-24 15:00:00-06,0.3239,2.617,-2.293083333333333
2017-01-24 16:00:00-06,0.2826666666666666,1.3754666666666668,-1.0928666666666669
2017-01-24 17:00:00-06,0.5807833333333332,0.1635833333333333,0.4159333333333333
2017-01-24 18:00:00-06,0.4765,0.0,0.4765
2017-01-24 19:00:00-06,0.2063,0.0,0.2063
2017-01-24 20:00:00-06,0.2739666666666666,0.0,0.2739666666666666
2017-01-24 21:00:00-06,0.5122833333333332,0.0,0.5122833333333332
2017-01-24 22:00:00-06,0.8493166666666666,0.0,0.8493166666666666
2017-01-24 23:00:00-06,0.4764666666666666,0.0,0.4764666666666666
2017-01-25 00:00:00-06,0.2557166666666666,0.0,0.2557166666666666
2017-01-25 01:00:00-06,0.2608,0.0,0.2608
2017-01-25 02:00:00-06,0.1977333333333333,0.0,0.1977333333333333
2017-01-25 03:00:00-06,0.19713333333333327,0.0,0.19713333333333327
2017-01-25 04:00:00-06,0.1712,0.0,0.1712
2017-01-25 05:00:00-06,0.1724833333333333,0.0,0.1724833333333333
2017-01-25 06:00:00-06,0.1733833333333333,0.0,0.1733833333333333
2017-01-25 07:00:00-06,0.16696666666666665,0.00885,0.15385
2017-01-25 08:00:00-06,0.3407666666666666,0.40811666666666657,-0.06731666666666666
2017-01-25 09:00:00-06,0.8481166666666666,0.8127666666666666,0.0354
2017-01-25 10:00:00-06,0.716,1.3334333333333332,-0.61745
2017-01-25 11:00:00-06,0.5669,1.9915,-1.4247166666666669
2017-01-25 12:00:00-06,0.3243833333333333,1.8503833333333333,-1.5258833333333333
2017-01-25 13:00:00-06,0.2712833333333333,1.3875833333333332,-1.1163666666666667
2017-01-25 14:00:00-06,0.26975,2.4061166666666667,-2.1364666666666667
2017-01-25 15:00:00-06,0.2738166666666666,1.0069333333333332,-0.7331333333333332
2017-01-25 16:00:00-06,0.2648333333333333,0.4598833333333333,-0.19506666666666664
2017-01-25 17:00:00-06,0.4533,0.11151666666666664,0.34155
2017-01-25 18:00:00-06,0.37016666666666653,0.0,0.37016666666666653
2017-01-25 19:00:00-06,0.6713166666666666,0.0,0.6713166666666666
2017-01-25 20:00:00-06,1.06965,0.0,1.06965
2017-01-25 21:00:00-06,0.3167,0.0,0.3167
2017-01-25 22:00:00-06,0.3146,0.0,0.3146
2017-01-25 23:00:00-06,0.3114,0.0,0.3114
2017-01-26 00:00:00-06,0.2703,0.0,0.2703
2017-01-26 01:00:00-06,0.6765,0.0,0.6765
2017-01-26 02:00:00-06,0.6285666666666666,0.0,0.6285666666666666
2017-01-26 03:00:00-06,0.19441666666666665,0.0,0.19441666666666665
2017-01-26 04:00:00-06,0.18895,0.0,0.18895
2017-01-26 05:00:00-06,0.18476666666666666,0.0,0.18476666666666666
2017-01-26 06:00:00-06,0.33,0.0,0.33
2017-01-26 07:00:00-06,0.77235,0.004716666666666667,0.7641833333333331
2017-01-26 08:00:00-06,0.83175,0.2452833333333333,0.5865333333333332
2017-01-26 09:00:00-06,1.0871,0.6516,0.4356
2017-01-26 10:00:00-06,0.63635,1.2142333333333333,-0.5777833333333332
2017-01-26 11:00:00-06,3.35645,2.174933333333333,1.1815833333333332
2017-01-26 12:00:00-06,0.8204333333333331,2.7191666666666667,-1.8988
2017-01-26 13:00:00-06,0.6592,2.9993833333333333,-2.340183333333333
2017-01-26 14:00:00-06,0.1531,2.9055666666666666,-2.7524333333333333
2017-01-26 15:00:00-06,0.17161666666666664,2.7029666666666667,-2.531366666666667
2017-01-26 16:00:00-06,0.3144,1.8154833333333331,-1.501
2017-01-26 17:00:00-06,0.1791,0.6713333333333332,-0.4924666666666666
2017-01-26 18:00:00-06,0.17096666666666666,0.0,0.17096666666666666
2017-01-26 19:00:00-06,0.14585,0.0,0.14585
2017-01-26 20:00:00-06,0.14925,0.0,0.14925
2017-01-26 21:00:00-06,0.2732666666666666,0.0,0.2732666666666666
2017-01-26 22:00:00-06,0.8654,0.0,0.8654
2017-01-26 23:00:00-06,1.2328666666666668,0.0,1.2328666666666668
2017-01-27 00:00:00-06,0.7859166666666666,0.0,0.7859166666666666
2017-01-27 01:00:00-06,0.7768833333333331,0.0,0.7768833333333331
2017-01-27 02:00:00-06,0.2756666666666666,0.0,0.2756666666666666
2017-01-27 03:00:00-06,0.3989666666666665,0.0,0.3989666666666665
2017-01-27 04:00:00-06,0.7167166666666666,0.0,0.7167166666666666
2017-01-27 05:00:00-06,0.3473833333333333,0.0,0.3473833333333333
2017-01-27 06:00:00-06,0.1794833333333333,0.0,0.1794833333333333
2017-01-27 07:00:00-06,0.8414,0.015316666666666666,0.8218333333333331
2017-01-27 08:00:00-06,1.0472333333333332,0.52325,0.5240666666666666
2017-01-27 09:00:00-06,0.7103666666666666,0.71715,-0.006783333333333333
2017-01-27 10:00:00-06,0.2638833333333333,1.1639166666666667,-0.8999833333333331
2017-01-27 11:00:00-06,0.2982333333333333,1.575,-1.2767666666666668
2017-01-27 12:00:00-06,0.34265,1.6767833333333333,-1.33425
2017-01-27 13:00:00-06,0.2968333333333333,1.7844166666666668,-1.4877
2017-01-27 14:00:00-06,0.2562666666666666,1.5943333333333332,-1.33815
2017-01-27 15:00:00-06,0.259,2.0187666666666666,-1.7597666666666667
2017-01-27 16:00:00-06,0.2721833333333333,0.47205,-0.19978333333333329
2017-01-27 17:00:00-06,0.5074833333333332,0.03361666666666666,0.4699666666666666
2017-01-27 18:00:00-06,1.216716666666667,0.0,1.2167
2017-01-27 19:00:00-06,0.6963333333333332,0.0,0.6963333333333332
2017-01-27 20:00:00-06,0.2826833333333333,0.0,0.2826833333333333
2017-01-27 21:00:00-06,0.3249,0.0,0.3249
2017-01-27 22:00:00-06,0.3116833333333333,0.0,0.3116833333333333
2017-01-27 23:00:00-06,0.31085,0.0,0.31085
2017-01-28 00:00:00-06,0.308,0.0,0.308
2017-01-28 01:00:00-06,0.71995,0.0,0.71995
2017-01-28 02:00:00-06,0.7184833333333333,0.0,0.7184833333333333
2017-01-28 03:00:00-06,0.7064333333333332,0.0,0.7064333333333332
2017-01-28 04:00:00-06,0.6866666666666666,0.0,0.6866666666666666
2017-01-28 05:00:00-06,0.4926833333333332,0.0,0.4926833333333332
2017-01-28 06:00:00-06,0.158,0.0,0.158
2017-01-28 07:00:00-06,0.18485,0.0,0.18071666666666664
2017-01-28 08:00:00-06,0.9952333333333332,0.20185,0.7933833333333331
2017-01-28 09:00:00-06,0.6432666666666667,0.7141333333333332,-0.07091666666666666
2017-01-28 10:00:00-06,0.2811166666666666,1.4263,-1.1451
2017-01-28 11:00:00-06,0.218,1.8572,-1.6392
2018-01-01 00:00:00-06,0.0,0.0,0.0
2018-01-01 01:00:00-06,0.0,0.0,0.0
2018-01-01 02:00:00-06,0.0,0.0,-0.037
2018-01-01 03:00:00-06,0.0,0.0,-0.037
2018-01-01 04:00:00-06,0.0,0.0,0.0
2018-01-01 05:00:00-06,0.0,0.0,-0.037
2018-01-01 06:00:00-06,0.0,0.0,-0.037
2018-01-01 07:00:00-06,0.0,0.0,0.0
2018-01-01 08:00:00-06,0.0,0.0,0.0
2018-01-01 09:00:00-06,0.0,0.0,0.0
2018-01-01 10:00:00-06,0.0,0.0,0.0
2018-01-01 11:00:00-06,0.0,0.0,0.0
2018-01-01 12:00:00-06,0.0,0.0,0.0
2018-01-01 13:00:00-06,0.0,0.0,-0.037
2018-01-01 14:00:00-06,0.0,0.0,0.0
2018-01-01 15:00:00-06,0.0,0.0,-0.037
2018-01-01 16:00:00-06,0.0,0.0,-0.037
2018-01-01 17:00:00-06,0.0,0.0,0.0
2018-01-01 18:00:00-06,0.0,0.0,0.0
2018-01-01 19:00:00-06,0.0,0.0,0.0
2018-01-01 20:00:00-06,0.0,0.0,-0.037
2018-01-01 21:00:00-06,0.0,0.0,-0.037
2018-01-01 22:00:00-06,0.0,0.0,-0.037
2018-01-01 23:00:00-06,0.0,0.0,-0.037
2018-01-02 00:00:00-06,0.0,0.0,-0.037
